scenario,seed,algo,runtime_sec,energy,violations,viol_rate,avg_delay,tail_delay_p95,max_delay,avg_ue_energy,E_mec,E_cloud,num_mec_tasks,num_cloud_tasks,num_active_mec,jain_delay,jain_ue_energy,mec_count_0,mec_count_1,mec_count_2,mec_count_3,mec_count_4,mec_count_5,mec_count_6,mec_count_7
1,1,GA,39.79797237482853,6.0473103470092315,6,6.0,0.08705672305510433,0.11457663502100746,0.23640114543832183,0.005875979470092313,5.3075,0.1522124,69,31,5,0.9120751363563869,0.7162092539217877,18,15,0,0,0,16,9,11
1,1,Greedy,2.479643541155383,9.024862629573187,5,5.0,0.07755069967789278,0.10784883747238624,0.21840114543832184,0.005554358295731885,8.2745,0.1949268,61,39,8,0.9024715918310915,0.7045627142687823,11,12,2,12,9,5,7,3
1,1,CEGA,39.419291333062574,9.068865902365763,4,4.0,0.07817020261629132,0.10905900699827122,0.23040114543832182,0.006127651023657636,8.297,0.1591008,67,33,8,0.8918676014602842,0.7310012993488543,8,11,10,12,9,5,3,9
1,1,Random,0.0010523749515414238,10.691672387403035,60,60.0,0.19717648845339103,0.5044214762587328,0.8572682817147151,0.022309891874030353,8.393,0.0676832,86,14,8,0.6170767430327826,0.5508088508174986,7,11,6,9,11,17,13,12
2,2,GA,39.01991100003943,6.038222128445602,7,7.0,0.08839923655033703,0.11920441329293105,0.21964384996906847,0.005754517284456021,5.3255,0.13727040000000001,73,27,5,0.8996567321410588,0.6910404460700179,0,0,0,13,17,9,18,16
2,2,Greedy,2.5852560000494123,8.01254660372722,6,6.0,0.08739544129809047,0.11518976247808434,0.19550748713226837,0.0054875140372722,7.2145,0.2492952,47,53,7,0.9034467661375019,0.606568821940885,15,4,2,6,4,4,12,0
2,2,CEGA,43.8069039999973,9.023506484232403,7,7.0,0.07949472056202914,0.11715199646452215,0.19931760533770812,0.005678900842324023,8.303,0.15261639999999999,69,31,8,0.8868733573799645,0.6469641395074567,10,4,3,15,13,1,13,10
2,2,Random,0.0009504589252173901,10.867663420037797,57,57.0,0.20722321030904253,0.489482558298725,0.736061245365255,0.02403299420037795,8.3975,0.066864,86,14,8,0.6355861803695686,0.5264188753497172,10,22,9,8,13,7,12,5
3,3,GA,36.1675878749229,3.9014341497636083,15,15.0,0.08743646101154216,0.13306648286021777,0.2182051473469683,0.004504469497636081,3.1875,0.2634872,44,56,3,0.9173001826437905,0.6752576837670676,0,0,17,12,15,0,0,0
3,3,Greedy,5.875823833048344,6.84347768963018,1,1.0,0.07026798190420364,0.10935298805153194,0.20220514734696832,0.004022160896301802,6.2385,0.20276160000000001,56,44,6,0.8815187397468544,0.6024259535815681,6,13,0,6,5,0,9,17
3,3,CEGA,41.45979804103263,8.932229823842396,1,1.0,0.06815511965448913,0.1111091936463578,0.13729272068030166,0.00482671423842395,8.2895,0.1600584,66,34,8,0.9002359297615016,0.623906214886648,6,4,11,9,13,1,7,15
3,3,Random,0.0009159159380942583,10.413360475624078,55,55.0,0.17205106810309276,0.5427889157228744,0.8288885740861884,0.019635924756240767,8.3915,0.05826800000000001,88,12,8,0.5464514070282076,0.4568873766656286,16,7,16,12,12,10,3,12
4,4,GA,33.214608415961266,3.9321678464415326,10,10.0,0.09061665194460486,0.1213524584905105,0.17796081769105168,0.0046345744644153255,3.2055,0.2632104,45,55,3,0.9420919246195565,0.6929159684936119,0,0,0,0,15,0,12,18
4,4,Greedy,1.5212971670553088,7.9499687854809515,1,1.0,0.07061837504488601,0.10880395404381663,0.1175795473299312,0.004837027854809502,7.2940000000000005,0.17226600000000003,64,36,7,0.9156998693534835,0.6692097776357832,9,9,8,5,0,9,8,16
4,4,CEGA,43.8479717921,8.893233399358328,0,0.0,0.06592623242814012,0.10116234830469766,0.11662748435771834,0.004254765993583284,8.4215,0.0462568,91,9,8,0.9190532423773038,0.7406977724622018,11,9,8,13,13,14,11,12
4,4,Random,0.0009803338907659054,10.671059908171877,57,57.0,0.1922237196643875,0.4505530828795077,0.7591276669463027,0.022067875081718768,8.426,0.0382724,92,8,8,0.6125549239522687,0.5498023247702661,7,16,12,8,16,13,10,10
5,5,GA,33.44789129192941,3.8699128124238085,7,7.0,0.08580234474268833,0.12076178269336095,0.1686175375129031,0.004181064124238088,3.1965,0.2553064,46,54,3,0.9366387023012894,0.6753189013759306,20,0,0,0,0,14,0,12
5,5,Greedy,2.6050970831420273,8.749909239779129,0,0.0,0.05528125177972959,0.0810285834746065,0.10596007938904728,0.0033639563977912908,8.2985,0.1150136,76,24,8,0.9293451153655461,0.8055440435663171,14,11,8,11,6,10,5,11
5,5,CEGA,41.35253479098901,8.79327399579574,0,0.0,0.055112224986193156,0.07887321370571934,0.10943151588790603,0.0035478039579574174,8.3075,0.1309936,73,27,8,0.9367574905875504,0.8108370409110575,9,9,8,10,8,10,8,11
5,5,Random,0.000912124989554286,10.748125747096132,54,54.0,0.19769832925876854,0.49655328913133406,0.7182676644219568,0.023175809470961328,8.3555,0.0750448,84,16,8,0.5978730466646743,0.5141251657382606,12,9,14,10,14,5,7,13
6,6,GA,35.87390979216434,4.994405376244925,13,13.0,0.08739022111296788,0.12803544942492376,0.19762893710033183,0.00524701776244926,4.255,0.2147036,56,44,4,0.9228787317917104,0.6879503282754577,14,0,17,0,0,15,0,10
6,6,Greedy,3.5932445421349257,7.950808683252547,3,3.0,0.07212735297072624,0.1067526059104468,0.18962893710033185,0.004847502832525479,7.2985,0.1675584,64,36,7,0.9056420072698279,0.6794436437382094,7,0,4,8,8,11,10,16
6,6,CEGA,38.24066954199225,9.018281759492826,2,2.0,0.07497399490438705,0.11361885239489045,0.14630125710033184,0.005473661594928265,8.282,0.18891560000000002,60,40,8,0.9070602030107574,0.6872836287064285,6,1,11,8,8,8,9,9
6,6,Random,0.0008667090442031622,10.7962189114496,58,58.0,0.2043544578373689,0.6799421911018303,0.873740774712062,0.02328578111449601,8.3885,0.07914080000000001,84,16,8,0.5222000925590695,0.46467481792831805,10,7,16,11,10,10,14,6
7,7,GA,35.64147274987772,4.93586443307445,6,6.0,0.08540486319373854,0.1136866334908983,0.160210304505987,0.0046608043307444945,4.24,0.229784,51,49,4,0.9495247362549916,0.6997452551355402,0,0,0,11,0,11,9,20
7,7,Greedy,3.3578830410260707,7.986427203359342,3,3.0,0.07544243817902489,0.11143007476363984,0.15021030450598702,0.00517473603359342,7.258,0.21095360000000002,56,44,7,0.9153545973453294,0.6684396105740984,6,8,0,8,9,14,4,7
7,7,CEGA,45.13133174995892,9.040805943160153,2,2.0,0.07510162002281143,0.10892960908457756,0.16320465117265368,0.0057261154316015275,8.381,0.0871944,84,16,8,0.9161987807404853,0.7598483229693923,15,6,16,8,8,8,13,10
7,7,Random,0.0009472500532865524,10.72938388092777,63,63.0,0.19349127324768653,0.46104443110361276,0.9252904957567761,0.022623658809277716,8.4065,0.06051800000000001,86,14,8,0.6071320783256414,0.5321940637176509,9,8,14,13,10,5,12,15
8,8,GA,40.49906091601588,4.962700172208982,9,9.0,0.08252881399124469,0.1178520415248724,0.16491017472379688,0.005095545722089822,4.2355,0.21764560000000002,53,47,4,0.9284253356979181,0.6651994550291314,14,0,11,12,0,0,0,16
8,8,Greedy,5.5484812499489635,7.830100247678051,0,0.0,0.06398562881657473,0.10261624407990087,0.1159977480571302,0.004065842476780509,7.2385,0.185016,60,40,7,0.9011505873352303,0.7039199138705671,6,11,10,0,9,7,6,11
8,8,CEGA,41.861986625008285,8.98169696940344,0,0.0,0.07174449590667908,0.10888600067322649,0.1159977480571302,0.005416229694034399,8.288,0.15207400000000001,68,32,8,0.9245331015380156,0.6840000764169306,2,14,11,13,2,9,6,11
8,8,Random,0.0009167499374598265,10.48639154166235,52,52.0,0.17194672516450726,0.4173846216702228,0.6118611007009932,0.020465119416623496,8.381,0.058879600000000004,86,14,8,0.627218531790967,0.539295126963327,10,9,14,13,9,6,8,17
9,9,GA,37.16040729195811,6.041536889422355,12,12.0,0.08433386755074287,0.13001900729513519,0.16671979041148274,0.005616100894223558,5.276,0.20392680000000002,58,42,5,0.9209799560818376,0.7089712213984563,10,0,10,12,0,13,0,13
9,9,Greedy,3.2878759999293834,7.99324239884544,7,7.0,0.08122368331878292,0.11217248799558355,0.15271979041148276,0.005306347988454393,7.243,0.21960760000000001,53,47,7,0.9289122963828446,0.6383893569983057,3,0,5,13,11,5,10,6
9,9,CEGA,40.368718333076686,9.036287709228166,8,8.0,0.07664197563558543,0.11215326770138911,0.15271979041148276,0.00567148909228166,8.279,0.1901388,61,39,8,0.9104605957326024,0.6740386238300684,3,11,6,9,8,5,11,8
9,9,Random,0.0009882079903036356,11.084282036852215,61,61.0,0.22932669097770655,0.6949841709029171,0.9506219508781251,0.026133288368522148,8.435,0.035953200000000005,91,9,8,0.5475169490709164,0.5073000170487031,11,14,8,10,11,15,7,15
10,10,GA,38.654932874953374,4.986520958317363,15,15.0,0.08646119306270394,0.12351113609187833,0.22538378868104364,0.0052273695831736265,4.2415,0.222284,54,46,4,0.9216235160157673,0.695389142992258,0,0,10,13,14,17,0,0
10,10,Greedy,1.8928060829639435,7.931249206150438,3,3.0,0.075147674601694,0.10724880282231929,0.17465923865805075,0.00477295606150438,7.2415,0.21245360000000002,55,45,7,0.911821274233622,0.6623640710878532,7,0,2,8,12,14,9,3
10,10,CEGA,42.16721275006421,9.012667689705077,7,7.0,0.07380169239627393,0.11262010125003166,0.17465923865805075,0.005475444897050768,8.2835,0.1816232,61,39,8,0.9079006807784796,0.6718440668509239,8,6,2,12,12,10,8,3
10,10,Random,0.0009918338619172573,10.99671691642585,57,57.0,0.2190129459863568,0.5598169955325243,0.9746088073762952,0.025446521164258506,8.4245,0.0275648,94,6,8,0.5607745925827967,0.4932046338477432,13,17,14,8,15,11,8,8
11,11,GA,31.467555082868785,3.937335900773162,13,13.0,0.09098660569684025,0.1169921344942576,0.23071246186522557,0.004742327007731619,3.2265,0.2366032,51,49,3,0.9287744890580057,0.6301003155019793,0,19,17,15,0,0,0,0
11,11,Greedy,2.693946917075664,7.872796061748897,1,1.0,0.07017595806274421,0.1113893193082472,0.14975139276919627,0.004158048617488971,7.3945,0.0624912,88,12,7,0.899225503654146,0.6963873219321834,16,12,15,0,12,6,17,10
11,11,CEGA,39.31675612507388,8.911267556633423,1,1.0,0.06925135486647824,0.10563404135525836,0.12742371276919626,0.0044704395663342205,8.291,0.1732236,64,36,8,0.917022481501462,0.6867191278029473,12,12,11,1,11,4,4,9
11,11,Random,0.0009341249242424965,10.746742978217934,66,66.0,0.1980983276451418,0.4789865771506743,0.7288082655213936,0.022830017782179354,8.408,0.055741200000000005,89,11,8,0.6727946953682882,0.5754062857968065,19,9,10,13,12,14,6,6
12,12,GA,37.41518120816909,4.954358133942887,11,11.0,0.08354959008264379,0.11944750889630226,0.17281602181628275,0.004757705339428862,4.246,0.23258760000000006,53,47,4,0.9288884971142201,0.7149057949430416,0,11,0,16,0,10,16,0
12,12,Greedy,3.569865709170699,6.867648259335716,0,0.0,0.07128962903173344,0.1039061613498341,0.11954535997950748,0.004112594593357162,6.2655,0.1908888,61,39,6,0.9297151636544808,0.7166895725243777,7,0,14,15,0,12,2,11
12,12,CEGA,42.85636249999516,8.99399745034766,1,1.0,0.0703034196103565,0.10981751116652061,0.13773598065079376,0.005216846503476594,8.3465,0.1258128,75,25,8,0.9077985758925882,0.7156393860936889,11,6,15,11,2,8,11,11
12,12,Random,0.0009187089744955301,10.827270236208387,56,56.0,0.20115355727543627,0.6328653148595077,0.820871431839467,0.023626406362083886,8.4065,0.058129600000000003,87,13,8,0.5335321678566755,0.4877094345814975,5,15,12,10,13,11,11,10
13,13,GA,33.98484208411537,4.939004785310536,11,11.0,0.08559580586086596,0.11795214078816661,0.18635555641917675,0.004585711853105365,4.2325,0.24793360000000003,49,51,4,0.9295727898275998,0.648985233804541,0,0,12,8,0,15,0,14
13,13,Greedy,2.6773497089743614,6.967718503602222,5,5.0,0.07877548238997031,0.1098239007419863,0.16035555641917676,0.004963297036022208,6.2865,0.1848888,62,38,6,0.9212144735090797,0.6975025619040233,15,7,12,11,0,4,0,13
13,13,CEGA,41.39412358403206,8.943139228809345,2,2.0,0.0720623941996858,0.10719191782530584,0.15635555641917676,0.004760184288093456,8.3435,0.1236208,76,24,8,0.9170600446225876,0.6970959071137809,5,12,15,6,12,2,8,16
13,13,Random,0.0009241669904440641,11.045465844462791,60,60.0,0.22129196938898418,0.6390911616034157,0.7972832741871847,0.02576601844462791,8.3945,0.074364,84,16,8,0.5735284916890411,0.5206022984913617,11,13,10,13,10,13,5,9
14,14,GA,33.2164882090874,4.0033075752882965,17,17.0,0.09428237446779233,0.12682533377597896,0.20997546458622748,0.005311351752882969,3.2355,0.2366724,52,48,3,0.9295824580872469,0.6537355273676998,18,0,0,0,18,0,0,16
14,14,Greedy,2.493046832969412,8.871855184325838,2,2.0,0.06651977617064882,0.10205091882589001,0.1671293348003341,0.004308927843258377,8.255,0.1859624,60,40,8,0.8794077346040257,0.6031110274350758,8,6,11,10,10,4,3,8
14,14,CEGA,38.60986025002785,9.084224524319989,5,5.0,0.07878090078481131,0.11187290768238034,0.1601179219497032,0.0061619292431998995,8.3075,0.1605316,67,33,8,0.9171485377788013,0.6833166550996396,14,7,10,3,12,9,11,1
14,14,Random,0.0009138749446719885,10.738715418025572,54,54.0,0.19364386638137523,0.5384438159751024,0.7284877972815947,0.02264554618025573,8.441,0.033160800000000004,93,7,8,0.5938253016521076,0.5269949521148364,11,11,15,11,9,10,13,13
15,15,GA,34.18678450002335,4.933233789267087,7,7.0,0.08081191805267482,0.11184741178440827,0.2630992069899691,0.0046665738926708784,4.2475,0.2190764,54,46,4,0.8986282733186648,0.6135387356226009,12,0,15,0,0,13,0,14
15,15,Greedy,3.292581625049934,7.84231867795507,1,1.0,0.06671909372414302,0.1027784207320068,0.21584756833177107,0.0038973787795507082,7.249,0.20358080000000003,56,44,7,0.876683488577512,0.5486956014956377,2,0,12,7,7,9,6,13
15,15,CEGA,39.889353290898725,9.000665007571142,1,1.0,0.07208850361530907,0.10568473501786457,0.21884756833177108,0.0054360660757114074,8.294,0.1630584,67,33,8,0.8891516525090508,0.6441572554303288,3,5,14,7,13,12,6,7
15,15,Random,0.0009805001318454742,11.294785921268275,62,62.0,0.22584318429643457,0.6050890642569479,0.747067941397583,0.028410135212682743,8.4185,0.0352724,93,7,8,0.6120689103021655,0.5453931711828242,11,8,13,12,10,15,15,9
16,16,GA,35.36635741707869,5.016005552260633,11,11.0,0.08824304865481597,0.12970282980232462,0.22854951379357288,0.005568243522606332,4.2775,0.18168120000000001,62,38,4,0.8902623769890498,0.5495877007402423,0,16,0,0,0,13,17,16
16,16,Greedy,2.834540832787752,6.960261983229986,6,6.0,0.0776275443197669,0.10753772628436063,0.2325495137935729,0.004956811832299865,6.267,0.19758080000000003,58,42,6,0.8719800031345828,0.5306855348012319,0,7,13,4,14,7,13,0
16,16,CEGA,54.85269854194485,9.03280821412027,5,5.0,0.07698243239099037,0.11038616313565797,0.20196014239194443,0.005704754141202692,8.369,0.09333280000000001,81,19,8,0.8676317998684372,0.5713840255786966,1,10,13,4,11,14,15,13
16,16,Random,0.0039344169199466705,11.077394885442171,61,61.0,0.22335198630079553,0.575320058695505,0.7038994334385777,0.026135956854421716,8.426,0.037799200000000005,92,8,8,0.6188240505259811,0.5329905231858332,12,8,10,9,14,16,6,17
17,17,GA,38.120492292102426,5.938163234695392,8,8.0,0.07781326165513497,0.11758796899284353,0.14315271981108252,0.004941204346953921,5.267,0.17704280000000003,62,38,5,0.911459498146538,0.7317287887754153,0,11,0,16,11,13,0,11
17,17,Greedy,2.5209833330009133,7.966974892184425,2,2.0,0.07459499531407646,0.11223465198296556,0.11618550685876539,0.005153628921844251,7.2805,0.17111200000000001,62,38,7,0.9242652245016773,0.7231040586850198,7,13,12,0,2,8,5,15
17,17,CEGA,47.48219883302227,9.005189637735201,5,5.0,0.07486957619257902,0.1154966786429613,0.12062635127663388,0.005585376377352031,8.3525,0.094152,80,20,8,0.9151286151522582,0.7561559187134497,8,16,13,1,11,8,13,10
17,17,Random,0.0009459590073674917,10.914603419142535,63,63.0,0.21050727345582015,0.5463838184234866,0.7329038206862121,0.024708466191425346,8.3975,0.0462568,90,10,8,0.6180437451941633,0.5235609776984566,14,15,7,7,8,17,12,10
18,18,GA,34.8419917919673,4.952545304366764,11,11.0,0.08479293717315219,0.12301083909461549,0.16190101466916257,0.0047356490436676404,4.2625,0.21648040000000002,56,44,4,0.9335085152082883,0.7077164959416018,0,0,18,11,0,0,12,15
18,18,Greedy,4.603477166965604,7.872514100263786,0,0.0,0.0675035355260598,0.10097485233441314,0.11227334233305393,0.004105517002637854,7.2940000000000005,0.1679624,65,35,7,0.9300306440678349,0.7014854737960464,15,0,13,9,7,7,10,4
18,18,CEGA,39.92989924992435,9.027201493958605,5,5.0,0.07535351863259256,0.1070740370840694,0.1308062147785025,0.005501230939586063,8.357,0.12007840000000002,77,23,8,0.9226582978734704,0.7085979123357211,11,10,15,18,7,2,7,7
18,18,Random,0.0009479590225964785,11.440417344593872,66,66.0,0.2458470954109924,0.6041766454003866,0.9060231172375898,0.02967006544593871,8.4365,0.03691080000000001,91,9,8,0.6251048007077739,0.5900135999767375,11,16,12,7,12,8,12,13
19,19,GA,36.57014916697517,4.956945694750095,13,13.0,0.0852050152442788,0.11780360654804291,0.17774338766274997,0.004850500947500946,4.2445,0.2273956,54,46,4,0.929618234029405,0.666017441290883,14,10,0,13,0,0,17,0
19,19,Greedy,2.004819125169888,7.9671534114427125,1,1.0,0.07458905854879017,0.10721406685756688,0.11808237432941661,0.0050142981144271175,7.2895,0.1762236,64,36,7,0.9302451236822088,0.7532070583919793,9,9,0,16,13,5,9,3
19,19,CEGA,40.5086439170409,8.931807358800679,1,1.0,0.06768579264006695,0.1067493389214745,0.11650707317852063,0.004696485588006793,8.3135,0.1486588,70,30,8,0.9248105194595881,0.7446321103145032,9,11,10,11,12,10,6,1
19,19,Random,0.0009259998332709074,11.008094858574179,59,59.0,0.21736440890386763,0.5714005978350084,0.829897257081972,0.025354228585741788,8.423,0.04967200000000001,89,11,8,0.588019430047501,0.5118347119803279,9,16,10,14,8,16,10,6
20,20,GA,36.55995879205875,5.010636230226077,12,12.0,0.08831295625976265,0.13484718771158952,0.33380036466484153,0.005598210302260768,4.252,0.1988152,60,40,4,0.8700701337795506,0.543164656329308,8,0,0,20,0,14,18,0
20,20,Greedy,3.6314728329889476,7.913584244997458,4,4.0,0.07663405067592718,0.11166391698005745,0.28213935133150814,0.004762578449974579,7.207,0.23032640000000001,50,50,7,0.8623173925589734,0.4583024491114977,3,9,3,0,3,7,14,11
20,20,CEGA,40.939863458042964,9.058652352187593,7,7.0,0.07604557785530677,0.115463321052628,0.31913369799817487,0.006215895521875925,8.3015,0.1355628,71,29,8,0.8199952752990559,0.5837565126840998,3,15,12,5,12,9,9,6
20,20,Random,0.0009686250705271959,10.461556588424266,47,47.0,0.17843983013939557,0.5406302432727557,0.7886417562909853,0.020217461884242657,8.384,0.0558104,88,12,8,0.5356668681689432,0.4667556545177745,9,13,12,14,16,6,10,8
21,21,GA,35.43806054093875,4.999159952528605,14,14.0,0.08754696038232343,0.13762463671535402,0.16208679726536251,0.005292955525286057,4.2295,0.24036440000000003,52,48,4,0.9325874177055642,0.663076940948461,16,10,0,16,0,10,0,0
21,21,Greedy,3.0165626250673085,7.975501332408448,1,1.0,0.07633217561351457,0.10770753533945925,0.155162630257613,0.005149473324084485,7.2715,0.18905400000000003,60,40,7,0.9225764098268304,0.6647389743215216,2,0,6,6,9,9,18,10
21,21,CEGA,41.42599383415654,9.04779792877956,8,8.0,0.07770246524689663,0.11475284023629856,0.1250412761110389,0.005814515287795588,8.288,0.17834640000000002,63,37,8,0.9208752932673564,0.6931312758707983,3,2,11,15,12,4,10,6
21,21,Random,0.0010446659289300442,10.799843630841961,51,51.0,0.19702600411786433,0.5805769232821668,0.7786951897255061,0.023418256308419604,8.3975,0.06051800000000001,87,13,8,0.5448039992766387,0.4677268563218274,11,14,9,11,10,10,12,10
22,22,GA,34.37889445805922,3.9536824153833456,20,20.0,0.09200327882989642,0.1353495575141164,0.1954685161762624,0.004902108153833453,3.204,0.2594716,46,54,3,0.923555082543901,0.6305749443026828,0,13,19,0,0,0,0,14
22,22,Greedy,2.740083457902074,7.9620379244881185,4,4.0,0.08021366924362652,0.10933351085243151,0.15377366725382183,0.005037115244881182,7.2445,0.2138264,53,47,7,0.9388871192527957,0.609876191447534,8,3,12,7,2,3,0,18
22,22,CEGA,36.57708466681652,8.94713156014068,4,4.0,0.0759843072155273,0.10740207155025061,0.15377366725382183,0.004941355601406781,8.2535,0.199496,58,42,8,0.9370407900033032,0.6238182548262249,8,2,1,4,11,3,14,15
22,22,Random,0.0008754590526223183,10.673997594908078,56,56.0,0.19534847060703042,0.6211094933736793,0.7886347677070621,0.02226687194908077,8.3945,0.0528104,88,12,8,0.5495146655153567,0.47170755924189245,8,13,13,6,9,18,14,7
23,23,GA,34.0246421250049,4.964275919721916,13,13.0,0.08391892536999812,0.11870025770784276,0.15573744109092041,0.005226571197219155,4.222,0.2196188,52,48,4,0.9305778817622885,0.7352403644412887,0,16,12,0,13,0,0,11
23,23,Greedy,3.3802171659190208,7.856706511231155,0,0.0,0.06659498744628348,0.1026684636535685,0.11115127375424969,0.004335365112311551,7.249,0.17417,61,39,7,0.918552227617432,0.7125837350350575,0,12,5,5,10,10,13,6
23,23,CEGA,38.463919792091474,8.888141639301605,0,0.0,0.06669959691994853,0.10224151261540208,0.1146672060885912,0.004485408393016043,8.2835,0.15610079999999998,65,35,8,0.9258124424434021,0.7319288849887656,10,11,5,11,12,2,12,2
23,23,Random,0.0008984580636024475,10.48482660684075,51,51.0,0.1750774908148631,0.5381326542512432,0.8673945794385913,0.020485698068407488,8.3915,0.0447568,91,9,8,0.5403689251502042,0.4417370058849586,10,16,13,13,14,10,10,5
24,24,GA,34.3211093749851,4.941994662025316,9,9.0,0.08355110259189949,0.11026324882557545,0.15353183842945634,0.0046968386202531544,4.243,0.22931080000000004,51,49,4,0.9468219750019554,0.7332143399662662,0,13,0,0,14,8,0,16
24,24,Greedy,3.3255920000374317,7.817823822509607,1,1.0,0.0659510806332614,0.09073972832788933,0.12053183842945635,0.0038012702250960766,7.2475,0.19019680000000003,60,40,7,0.922622503051989,0.7470693855492799,7,2,13,8,9,11,10,0
24,24,CEGA,39.88127016602084,8.94640427460807,1,1.0,0.06769912230519737,0.10194709823436493,0.11753183842945635,0.0047967627460807115,8.3285,0.13822800000000002,72,28,8,0.9207618689627329,0.7365974074590478,10,1,9,7,12,10,13,10
24,24,Random,0.0009915418922901154,10.947403078584735,63,63.0,0.21091551342557463,0.5160075204808048,0.7768789380626975,0.024892802785847327,8.444,0.014122800000000001,97,3,8,0.6272322206923802,0.5673369388836316,10,10,10,12,11,11,17,16
25,25,GA,32.412094624945894,3.9670422426693337,14,14.0,0.09065854491893585,0.13813307276687192,0.2517649863591603,0.0052485864266933364,3.195,0.2471836,46,54,3,0.9051189521142806,0.6606500469618006,16,12,0,0,18,0,0,0
25,25,Greedy,2.1514992921147496,6.913907334531814,4,4.0,0.08297716522078058,0.11031806115515382,0.2148870869751973,0.004744581345318141,6.201,0.23844920000000003,44,56,6,0.9255162618804228,0.5855432656697389,0,5,4,2,17,13,3,0
25,25,CEGA,37.4368259171024,8.883693884326942,2,2.0,0.06859506394693944,0.10171384327542725,0.17343730635916033,0.004435974843269415,8.258,0.18209640000000002,59,41,8,0.9000861942964307,0.653345651313213,1,12,10,5,13,11,6,1
25,25,Random,0.0008681670296937227,10.720346982544216,60,60.0,0.18749059801642812,0.4246395517734036,0.8237970749951695,0.022902173825442164,8.3675,0.06262960000000001,87,13,8,0.6372854811685893,0.5677216234445347,15,11,10,15,8,9,5,14
26,26,GA,34.50077683292329,4.967659236202041,15,15.0,0.08667788605905187,0.12426941079405143,0.24356509831458256,0.005030672362020404,4.243,0.221592,55,45,4,0.9086652413865759,0.6653024324653999,17,0,8,16,14,0,0,0
26,26,Greedy,4.2966182918753475,7.897681671145792,2,2.0,0.07103563434454976,0.1084791821450379,0.23289277831458258,0.004371500711457923,7.2955,0.1650316,66,34,7,0.8802503028009531,0.6157629583370099,0,16,5,12,13,9,2,9
26,26,CEGA,39.432518834015355,9.033674047436369,5,5.0,0.07483221625314847,0.11699480270940847,0.22989277831458257,0.005621692474363688,8.324,0.1475048,69,31,8,0.8794171187311777,0.6792465485778488,12,10,5,11,6,13,2,10
26,26,Random,0.0008457920048385859,10.876561571139783,59,59.0,0.20336382328042515,0.5302892161070933,0.679222752828913,0.02406809171139782,8.3975,0.0722524,85,15,8,0.6074764471453976,0.5081563915079506,11,11,3,7,14,8,19,12
27,27,GA,34.141584916971624,5.040381400765252,13,13.0,0.08951199134397714,0.13064495705738136,0.1651056789509249,0.0057782060076525185,4.234,0.22856080000000004,52,48,4,0.9340173473291166,0.6769264973971786,19,0,0,0,12,7,0,14
27,27,Greedy,3.414360874798149,8.036787060642439,5,5.0,0.07539437617594037,0.11069495614095236,0.1591056789509249,0.005800522606424398,7.2715,0.18523480000000003,61,39,7,0.9106693215309902,0.6732414911081591,8,10,0,8,5,11,13,6
27,27,CEGA,43.59119816706516,9.095041397139235,9,9.0,0.07721414661254976,0.11341653178821716,0.14043901228425823,0.006418693971392369,8.402,0.05117200000000001,89,11,8,0.9079456612940907,0.7472924668600347,10,12,10,13,13,8,12,11
27,27,Random,0.0009052499663084745,10.825686529524987,59,59.0,0.1922853879641179,0.5197032648181048,0.5839316810491617,0.02383025729524988,8.399,0.04366080000000001,91,9,8,0.6208670460516811,0.5280911353738441,12,9,6,14,19,10,10,11
28,28,GA,34.35710141691379,5.012273159511516,14,14.0,0.08944283118052894,0.12761125043438493,0.17892092054234918,0.005370203595115166,4.2219999999999995,0.25325280000000006,50,50,4,0.9291818571414657,0.7310542837235545,0,18,9,0,0,12,11,0
28,28,Greedy,1.3881373750045896,8.051755264136546,2,2.0,0.07986116718264416,0.11284344221239336,0.15674607516294164,0.005784400641365451,7.264,0.2093152,57,43,7,0.9325139627779446,0.7111471695294854,9,2,12,8,0,11,10,5
28,28,CEGA,40.08132570888847,9.05029152374455,2,2.0,0.07423458072632355,0.1115037516460408,0.11605361487294505,0.005674563237445491,8.324,0.1588352,69,31,8,0.9250874597789768,0.7394967472827293,9,3,11,14,4,12,10,6
28,28,Random,0.0008680000901222229,11.29497982534052,65,65.0,0.2314537056364925,0.5958664484622622,0.7204542568212261,0.028264730253405198,8.4215,0.0470068,90,10,8,0.6261691561532932,0.5668789894840695,15,9,10,11,10,13,12,10
29,29,GA,35.4632927919738,3.9646241634796446,10,10.0,0.09216868417274098,0.13640461821378747,0.2254488091235378,0.005122865634796447,3.21,0.24233760000000004,50,50,3,0.9244431829157524,0.6900125616332436,0,13,20,0,0,0,0,17
29,29,Greedy,2.330891457851976,6.965495149316596,1,1.0,0.07827529370526187,0.10888521468235446,0.2214488091235378,0.005142647493165965,6.234,0.21723040000000002,53,47,6,0.9129368859838597,0.7081328974076297,6,11,7,15,7,7,0,0
29,29,CEGA,37.65097483317368,8.896260424275892,1,1.0,0.06478516398020272,0.09858449416763244,0.15245446245687114,0.004410368242758921,8.2895,0.1657236,65,35,8,0.9173830622356729,0.7308281447222,9,11,11,9,6,9,9,1
29,29,Random,0.0008549168705940247,10.639586374013607,50,50.0,0.18923271058275193,0.5564034861945663,0.888281468350761,0.021954143740136062,8.387,0.057172,87,13,8,0.5232620057735063,0.4323832944566367,8,14,10,12,10,8,9,16
30,30,GA,35.71357012493536,6.0534359661905075,14,14.0,0.08740217104023694,0.1318949565718501,0.2481330037229375,0.006112055661905077,5.2295,0.21273040000000001,55,45,5,0.8790955081569957,0.5987352399240269,15,4,0,0,8,14,14,0
30,30,Greedy,2.2827180000022054,8.97988904592671,3,3.0,0.0773582566388665,0.11221390246068617,0.2481330037229375,0.005347166459267106,8.219,0.22617240000000005,49,51,8,0.8766203840046324,0.577269117570861,6,4,11,2,3,10,7,6
30,30,CEGA,40.769913708092645,9.063800407988678,7,7.0,0.07790409614420897,0.11703553462050735,0.2481330037229375,0.006187532079886785,8.3105,0.13454720000000003,71,29,8,0.8775093989054178,0.6469459698296449,7,4,11,3,4,15,13,14
30,30,Random,0.0008580831345170736,10.826358511066612,60,60.0,0.20436206711509372,0.5731227493495673,0.8858553223263482,0.023947869110666122,8.354,0.0775716,84,16,8,0.5631062686870588,0.5155970163636555,5,9,15,6,8,12,16,13
31,31,GA,37.360338957980275,6.043658455830444,11,11.0,0.08695233193612757,0.13050737378019134,0.3043159736970138,0.00573990455830444,5.2175,0.25216800000000006,47,53,5,0.8614662181533422,0.5133225990637169,12,0,7,0,6,10,12,0
31,31,Greedy,2.9657512919511646,7.0386192117960755,6,6.0,0.08199162638726751,0.10974456767359497,0.3306436536970138,0.005800720117960757,6.3165,0.1420472,70,30,6,0.8386787089506761,0.5257164504031564,11,11,5,8,0,18,0,17
31,31,CEGA,38.82907108287327,9.053308220298916,4,4.0,0.0776917679993108,0.11217949362015447,0.2883159736970138,0.0058724982029891605,8.3135,0.1525584,69,31,8,0.853915360245267,0.518357343164318,16,10,5,11,2,16,1,8
31,31,Random,0.0009605831000953913,10.850513421814563,61,61.0,0.19766893316228298,0.5372273322461005,0.7657832545742832,0.02398495421814563,8.387,0.065018,87,13,8,0.5765053022120691,0.5110130634296626,10,14,8,11,17,9,9,9
32,32,GA,38.061261457856745,5.033322771645621,16,16.0,0.09116962216584971,0.17796243426230623,0.22575550487945728,0.005811347716456214,4.2295,0.222688,52,48,4,0.8819824497436964,0.5893118616845517,0,0,13,0,0,16,13,10
32,32,Greedy,3.2380344590637833,7.998108234616346,11,11.0,0.08100805746902133,0.12025867778796234,0.22442217154612393,0.005400586346163451,7.2445,0.21354960000000003,53,47,7,0.8956817477019414,0.6040123502695349,3,0,2,10,10,11,13,4
32,32,CEGA,41.84830354177393,9.020537965671267,13,13.0,0.07636958144881466,0.12135867778796235,0.2017555048794573,0.005693523656712651,8.3045,0.14668560000000003,70,30,8,0.8736827487517389,0.6369667865978831,4,12,4,10,15,11,11,3
32,32,Random,0.0009010829962790012,11.091348829641188,67,67.0,0.22891833667351524,0.58647962901547,0.7783172690070321,0.02641730429641187,8.4095,0.0401184,92,8,8,0.6229496930483697,0.565567245803123,5,15,9,9,13,11,12,18
33,33,GA,33.686630208045244,4.935225663298802,8,8.0,0.08454055749229003,0.11935846525178594,0.27182575789244695,0.004817920632988009,4.2085,0.24493360000000003,48,52,4,0.8835245366185518,0.5613626569348368,0,0,13,0,7,15,0,13
33,33,Greedy,2.5389857501722872,8.818615368596067,1,1.0,0.0641026348880631,0.10082702544501505,0.17239037493953596,0.003967377685960666,8.2355,0.1863776,60,40,8,0.8785001799058325,0.5963324867979358,14,2,9,6,5,9,9,6
33,33,CEGA,40.845617457991466,8.97530827482192,1,1.0,0.06951874977890422,0.10893163209154426,0.17639037493953597,0.0053360707482191915,8.303,0.1387012,70,30,8,0.8930306339085203,0.639785136440962,11,3,11,10,5,10,10,10
33,33,Random,0.0010418330784887075,10.821088659595365,52,52.0,0.1989544522710458,0.5421713376498872,0.9145962871102754,0.02380204659595367,8.4095,0.03138400000000001,93,7,8,0.5557332889691072,0.47473256790638524,7,11,11,12,11,11,17,13
34,34,GA,34.67678920808248,4.002240132679281,24,24.0,0.09594292587640481,0.1381793674518128,0.21360794711297554,0.005435565326792822,3.207,0.2516836,46,54,3,0.9216857903451372,0.6113921371107341,21,13,0,0,12,0,0,0
34,34,Greedy,2.490684875054285,7.9509589350762795,6,6.0,0.07551162090925943,0.11033986396047406,0.1736079471129755,0.0050582013507628025,7.252,0.1931388,60,40,7,0.9059588032052786,0.6056315406230737,14,4,2,6,13,11,10,0
34,34,CEGA,40.412271374836564,9.00945568248557,7,7.0,0.07723632583274967,0.1133930833505254,0.14529264620238744,0.005561472824855692,8.288,0.16530840000000002,66,34,8,0.9137982886954951,0.6616578879459425,10,5,2,8,10,15,15,1
34,34,Random,0.0009517499711364508,10.884790141363446,62,62.0,0.2156800659245237,0.6224325245939,0.7692301747150397,0.024318369413634463,8.42,0.0329532,94,6,8,0.6014703001427353,0.522265025735033,8,10,6,12,13,13,22,10
35,35,GA,34.93664854206145,4.971279169119153,10,10.0,0.08494379530975688,0.11612968316807971,0.12429877439552152,0.005165867691191536,4.2625,0.19219239999999999,60,40,4,0.9454997684705482,0.7429021971150742,15,0,0,14,0,18,13,0
35,35,Greedy,4.313684416934848,7.799561609828567,0,0.0,0.06428986682550514,0.09967647607829964,0.10847910015024376,0.0037598760982856627,7.2445,0.179074,59,41,7,0.9010874400839731,0.7089504202558252,9,6,0,8,12,6,10,8
35,35,CEGA,41.08436925010756,8.855993397708051,0,0.0,0.059824112203054274,0.09774878679860756,0.1138500555747721,0.00401542197708051,8.321,0.1334512,69,31,8,0.9037425243862214,0.7046630117059447,9,6,8,10,9,9,8,10
35,35,Random,0.0009757920634001493,10.535129084687792,53,53.0,0.1854783988658145,0.5012248443569649,0.868266702945096,0.020844258846877937,8.42,0.0307032,93,7,8,0.5653426580396518,0.5267721730059082,11,11,14,9,11,17,10,10
36,36,GA,33.74201879091561,4.994640716379415,17,17.0,0.09017796298344219,0.13097180353025584,0.37170914035505975,0.005349191163794147,4.1965,0.2632216,43,57,4,0.8591795673450009,0.6102825727402591,10,0,0,11,0,0,15,7
36,36,Greedy,2.559619708918035,8.01638066448892,6,6.0,0.07991746508986299,0.11192700724466587,0.2933814603550597,0.005633154644889203,7.252,0.2010652,55,45,7,0.8748934026350004,0.6340271569491742,3,10,0,10,11,2,13,6
36,36,CEGA,38.93167950003408,9.007254053910684,4,4.0,0.07568815413387248,0.10815075991062038,0.2933814603550597,0.0055857285391068415,8.276,0.1726812,63,37,8,0.8652213517278682,0.6334913790061739,3,15,12,10,10,2,5,6
36,36,Random,0.0008995840325951576,10.496524421902041,50,50.0,0.17709209024703007,0.5167471413775195,0.6780957295997649,0.02050899221902042,8.36,0.08562520000000001,82,18,8,0.5689768225589227,0.46402970398724136,11,17,10,8,8,4,8,16
37,37,GA,33.528541875071824,4.967511842011641,15,15.0,0.08665346332579776,0.12027001147316006,0.1706028022446148,0.005125314420116407,4.2415,0.21348040000000001,56,44,4,0.923819500943031,0.7217343622243719,0,18,0,12,9,0,0,17
37,37,Greedy,2.97441824991256,5.871300427687694,3,3.0,0.07455850777259351,0.10628448585435692,0.15560280224461479,0.004242800276876938,5.3075,0.13952040000000002,71,29,5,0.9247689864807049,0.7562010025685564,14,19,0,12,0,0,10,16
37,37,CEGA,43.163156874943525,8.965378143384045,2,2.0,0.07420265249688525,0.11227662515684302,0.1396028022446148,0.005153333433840445,8.384,0.06604480000000001,87,13,8,0.9165809107309063,0.7515961097455054,14,15,2,11,14,16,8,7
37,37,Random,0.0008807918056845665,10.52777534680712,54,54.0,0.18267413772202684,0.4619105583007162,0.680065221492534,0.020829225468071182,8.39,0.0548528,88,12,8,0.6062963957821821,0.5026103549488852,13,10,9,7,9,13,15,12
38,38,GA,30.640444583026692,3.969465933100062,21,21.0,0.09402585759482837,0.14191206167637282,0.2428795049805399,0.0051082913310006185,3.18,0.2786368,41,59,3,0.9015708125278895,0.5686670048060065,14,11,0,0,0,0,16,0
38,38,Greedy,2.2635802081786096,7.970710647538098,5,5.0,0.08175393320776614,0.11544351960678474,0.2378795049805399,0.005206922475380977,7.207,0.24301840000000002,46,54,7,0.8989536967238659,0.6190268860810622,7,2,0,6,12,8,7,4
38,38,CEGA,41.22677216702141,9.031781345440017,8,8.0,0.07565992518205779,0.1108438245165567,0.18563374498053992,0.005760153454400166,8.2955,0.16026600000000002,66,34,8,0.8888903367899099,0.6523977549028074,14,3,4,13,12,5,7,8
38,38,Random,0.000910875154659152,11.227614818129728,61,61.0,0.22466324461396286,0.6041824449296749,0.7208271164197043,0.027824852181297283,8.384,0.061129600000000006,87,13,8,0.5934082566304436,0.5112679336393873,11,12,8,8,9,11,13,15
39,39,GA,33.05113737494685,3.976202857395953,18,18.0,0.0923508492707922,0.1286339005658208,0.1892102870230465,0.005091196573959527,3.1995,0.2675832,46,54,3,0.9312479621289125,0.6850220376351441,14,14,0,0,0,0,18,0
39,39,Greedy,2.2794789581093937,6.978500064874148,4,4.0,0.07894711067290586,0.11418004716052521,0.17280240960332774,0.005114504648741477,6.2535,0.21354960000000003,56,44,6,0.9314612904151082,0.7151660894694707,9,0,2,0,10,6,15,14
39,39,CEGA,39.5582997079473,8.953631175202108,2,2.0,0.07082734917051302,0.10413232439463048,0.12503607120769528,0.0048921117520210914,8.3105,0.15392,68,32,8,0.9267007676770238,0.7036849152024285,12,10,17,2,8,9,9,1
39,39,Random,0.0009509169030934572,10.605720076010854,52,52.0,0.18268093607737568,0.5188244140047029,0.8254399640311956,0.02146606076010852,8.39,0.06911400000000001,85,15,8,0.5346724183727145,0.49239316441038405,11,13,13,11,8,10,8,11
40,40,GA,31.997743416111916,3.899367328729667,15,15.0,0.09249524877348841,0.13525597872245823,0.19052995756258892,0.0045000732872966685,3.171,0.27836000000000005,40,60,3,0.9346307097144854,0.6210580902287433,0,0,0,0,19,0,6,15
40,40,Greedy,2.7682363339699805,5.903568324027227,5,5.0,0.07913925538221345,0.11338341924864515,0.17952995756258894,0.004509071240272263,5.2415,0.2111612,55,45,5,0.9297726990015036,0.6542348551857948,0,14,14,0,17,6,4,0
40,40,CEGA,39.03044637502171,8.91954880327695,2,2.0,0.07153352251198099,0.1077185367154597,0.15797824612001554,0.004731288032769505,8.288,0.15842,68,32,8,0.9157151963352327,0.6861794136482497,15,11,11,1,15,5,1,9
40,40,Random,0.0008778751362115145,10.668926325676516,59,59.0,0.19611891253333794,0.5232765991130978,0.7493387810722775,0.022260579256765167,8.4005,0.0423684,92,8,8,0.6073183294450525,0.5419015841034969,10,9,12,11,9,17,10,14
41,41,GA,32.623146208934486,3.956448637786794,18,18.0,0.09331015694341405,0.1278649918652693,0.17469101939663903,0.004698654377867941,3.216,0.2705832,45,55,3,0.9429640780977776,0.6334280222982427,15,0,0,0,0,0,15,15
41,41,Greedy,2.3114064999390393,6.958316031158481,1,1.0,0.07822091279638908,0.10947847105709749,0.11198184314896877,0.00478112431158481,6.2655,0.2147036,55,45,6,0.93108674498513,0.7015783686850564,10,0,0,5,13,5,12,10
41,41,CEGA,38.02426895801909,8.868569468978354,0,0.0,0.06095997745048276,0.09350262227356625,0.11037920027797889,0.003860222689783535,8.339,0.1435472,70,30,8,0.9203014344863807,0.7428258164185436,8,10,9,5,10,10,10,8
41,41,Random,0.0008814160246402025,10.927962698555916,61,61.0,0.2102009147223272,0.5289682173355909,0.9607381030852769,0.02449221498555917,8.4215,0.057241200000000006,89,11,8,0.6049580199594653,0.5320374115600182,6,17,19,9,10,9,7,12
42,42,GA,34.74011812498793,6.014848536056715,12,12.0,0.08542060109343122,0.12928513987547247,0.1599284657827268,0.005422833360567153,5.261,0.2115652,56,44,5,0.9285000456308632,0.7052452498553554,11,12,0,17,0,0,6,10
42,42,Greedy,3.3365676251705736,8.904278028372175,3,3.0,0.07093663099378432,0.10845477407771129,0.1368747204864727,0.00448974028372175,8.2445,0.21080400000000002,56,44,8,0.9038145218256894,0.6751302275748785,5,3,9,10,7,6,7,9
42,42,CEGA,41.32201279094443,9.057253832111046,6,6.0,0.07604646760441824,0.11340900251470581,0.14540042706560385,0.005807066321110458,8.3345,0.1420472,71,29,8,0.9053186124100507,0.7225828408607646,5,3,9,9,10,13,8,14
42,42,Random,0.0010381671600043774,10.8835642555324,59,59.0,0.20923490039496906,0.524544472995829,0.7970003681957354,0.024117226555323987,8.4365,0.0353416,92,8,8,0.6321081857981974,0.5362636936452243,9,15,16,15,7,8,10,12
43,43,GA,34.855148625094444,4.971224108704032,11,11.0,0.08652218825200371,0.13433260986310655,0.20407665499517721,0.005102213087040325,4.2235,0.23750280000000001,51,49,4,0.9098031403691128,0.6721880682863262,0,0,0,7,0,16,12,16
43,43,Greedy,2.9405068329069763,8.865547353769518,2,2.0,0.06894523525490383,0.10719310532154945,0.1477053150564342,0.004202589537695178,8.2445,0.20078839999999998,57,43,8,0.8912517692067579,0.6427185477728186,9,2,13,6,5,6,12,4
43,43,CEGA,37.579531458206475,9.007620274832835,6,6.0,0.07749486102919113,0.1170544965310652,0.1497053150564342,0.005480706748328339,8.255,0.20454960000000003,58,42,8,0.920640334520958,0.6474607920368992,8,3,11,6,12,14,1,3
43,43,Random,0.000917874975129962,10.632419196185705,56,56.0,0.19002675333038963,0.5227350202405695,0.8559300877129499,0.021896779961857047,8.3885,0.0542412,89,11,8,0.5706902382239766,0.505043982181262,13,8,7,12,14,11,16,8
44,44,GA,34.45411287504248,4.94889726239876,9,9.0,0.08560696144448561,0.12942193004638877,0.15503459309204864,0.004860708623987604,4.231,0.23182640000000002,53,47,4,0.9297334235015636,0.688388398084548,13,14,10,0,0,0,0,16
44,44,Greedy,3.598192458972335,8.775181480032993,0,0.0,0.05869989629869566,0.09639158928244905,0.11616716264768928,0.0033731068003299254,8.2925,0.14537080000000002,69,31,8,0.9088813813726936,0.7253824412805925,7,9,9,10,6,4,10,14
44,44,CEGA,43.02467629103921,8.982455436650445,1,1.0,0.0725330632879503,0.1134867674890542,0.1304948426476893,0.005152878366504452,8.3855,0.0816676,84,16,8,0.9019330861546347,0.7348064355500467,8,9,12,17,11,12,9,6
44,44,Random,0.0009102909825742245,10.631379591507715,51,51.0,0.1929180298040044,0.5134204981474986,0.8973196492969063,0.02166334791507714,8.396,0.0690448,86,14,8,0.5382453878690776,0.4618521726957771,13,8,6,14,12,13,13,7
45,45,GA,35.04177762498148,4.914561273967149,7,7.0,0.08342428253940785,0.11904528380350479,0.22875915290420315,0.0044302287396714955,4.2595,0.21203840000000002,55,45,4,0.9261113595791981,0.7181186811626415,0,10,0,0,13,16,0,16
45,45,Greedy,2.637357958126813,5.9579863619360625,4,4.0,0.07942733629960273,0.11459985686811905,0.2300924862375365,0.004744367619360625,5.2655,0.21804960000000004,54,46,5,0.9143249687722714,0.6787852913646462,12,0,12,0,9,10,11,0
45,45,CEGA,39.28647399996407,8.968325874286156,3,3.0,0.07151658895814338,0.11186079455654005,0.16243147290420315,0.004921826742861565,8.3195,0.1566432,67,33,8,0.90721873469029,0.6672753078521196,14,9,6,1,10,10,12,5
45,45,Random,0.0008884160779416561,10.59691490933326,54,54.0,0.1816079102360124,0.49509753984486204,0.7297639832874832,0.0212070050933326,8.4245,0.0517144,88,12,8,0.5793423545659888,0.4856010115222842,16,11,8,7,12,8,10,16
46,46,GA,34.468665374908596,3.9047783892313928,14,14.0,0.0884022281791585,0.1244899728404037,0.14710853717122618,0.004443291892313924,3.225,0.23544920000000003,51,49,3,0.9525061902508338,0.7495564917857303,16,0,0,0,18,0,17,0
46,46,Greedy,2.4344770421739668,7.761506698882593,0,0.0,0.060479882728579355,0.09219113093754168,0.10806523655770056,0.0033207109888259345,7.258,0.17143560000000002,63,37,7,0.9052487683631626,0.7984510923558639,8,7,13,0,8,7,10,10
46,46,CEGA,41.18407208309509,8.847633294403064,0,0.0,0.05965920201868017,0.09202614709931486,0.11146595965114506,0.003982468944030633,8.3405,0.1088864,77,23,8,0.9222243579056592,0.7965902470256916,8,10,10,9,10,10,9,11
46,46,Random,0.0008507091552019119,10.923103032406777,53,53.0,0.21115065399787514,0.549515439793015,0.7453395671611138,0.02470381832406778,8.357,0.09572119999999999,79,21,8,0.5917803653087501,0.5117555560487599,12,13,12,3,6,6,17,10
47,47,GA,34.73570883390494,5.063688697553019,25,25.0,0.09494604184130287,0.16526366159308065,0.2218518963126343,0.006014514975530188,4.2055,0.2567372,43,57,4,0.897966179137902,0.6019579346849283,0,0,14,12,0,8,9,0
47,47,Greedy,4.772144499933347,8.01300170462916,10,10.0,0.08578169304232759,0.11818545406618283,0.20445105017430357,0.005620481046291595,7.237,0.21395360000000002,51,49,7,0.9101685564892416,0.6200805005184066,2,4,2,16,13,0,4,10
47,47,CEGA,37.69047320797108,9.039994871412036,8,8.0,0.08107972376180583,0.1244489173723375,0.1875242163126343,0.005905636714120366,8.27,0.1794312,59,41,8,0.8974329453941006,0.6367485455620708,5,7,2,12,16,3,4,10
47,47,Random,0.0008872500620782375,10.784221150045477,53,53.0,0.19897046878546226,0.5371223800775461,0.8507703560709455,0.023330915500454758,8.393,0.058129600000000003,87,13,8,0.5681447130428912,0.5020649533554469,13,11,14,11,10,7,8,13
48,48,GA,31.0673990000505,3.971042190340656,13,13.0,0.09400791635959461,0.14910869209389968,0.2192695226628062,0.0050362419034065565,3.216,0.25141800000000003,46,54,3,0.9078655845673267,0.6577851149968236,0,15,17,14,0,0,0,0
48,48,Greedy,1.8575562089681625,7.964768491077067,9,9.0,0.08278908955034718,0.11989836379259573,0.16370508754514218,0.005153840910770681,7.234,0.21538440000000003,55,45,7,0.9182076794139443,0.6431676022507555,7,10,19,0,10,3,3,3
48,48,CEGA,37.40761141595431,8.943765893214177,8,8.0,0.08193517909995032,0.11939809326785744,0.15599728676625196,0.004898702932141784,8.225,0.2288956,50,50,8,0.9306504207861345,0.625975603978757,3,15,14,3,2,2,6,5
48,48,Random,0.0009100418537855148,11.14400288354702,62,62.0,0.22341041709362208,0.5261420836583452,0.8651476435227218,0.026895384835470222,8.408,0.0464644,91,9,8,0.6161880694709949,0.5445511632171353,10,9,14,11,9,19,12,7
49,49,GA,34.46624500001781,3.9339928309254937,15,15.0,0.08717403451997713,0.12396821122508961,0.14940211690969063,0.004770056309254935,3.204,0.2529872,47,53,3,0.9448922172973552,0.6787480082547054,0,0,17,17,0,13,0,0
49,49,Greedy,1.898298165993765,7.9306571214963215,2,2.0,0.07020164927981282,0.10924090757183387,0.11558849957561253,0.004771299214963212,7.279,0.1745272,63,37,7,0.9215934188585818,0.7337673258844454,5,13,0,5,13,5,8,14
49,49,CEGA,38.94628149992786,8.896350110275337,0,0.0,0.06106292477879609,0.09624017406252612,0.11474219764189389,0.004474837102753367,8.309,0.1398664,70,30,8,0.9214021917043813,0.732603472891584,8,9,8,11,5,8,9,12
49,49,Random,0.0008997090626507998,10.700644123687923,55,55.0,0.18890065000995912,0.46765197303154915,0.8296931107612066,0.022635101236879243,8.4035,0.033634000000000004,93,7,8,0.5809223913641463,0.5031333975333465,13,8,11,11,11,15,12,12
50,50,GA,32.93003170914017,3.9628597183063934,19,19.0,0.09366188857802767,0.13989213112859963,0.2332872527372957,0.005029997183063934,3.1814999999999998,0.27836000000000005,42,58,3,0.9138669976092628,0.5942840295327709,0,0,12,0,15,0,0,15
50,50,Greedy,2.19048275006935,6.943221992370986,4,4.0,0.07947704865419361,0.1120203119591577,0.15443012240058063,0.004789535923709861,6.228,0.2362684,50,50,6,0.9140872867780978,0.6153910336631279,0,7,2,7,15,0,10,9
50,50,CEGA,38.09165516705252,8.957933310635791,4,4.0,0.07368651915796198,0.10739079273299136,0.1536262394039624,0.004929953106357907,8.249,0.21593800000000002,54,46,8,0.906876048725757,0.6433280307236434,10,3,2,5,6,6,11,11
50,50,Random,0.0008997500408440828,10.815251185633674,56,56.0,0.19682546712975846,0.4846205203135927,0.9295529159837482,0.023585947856336734,8.393,0.0636564,86,14,8,0.5973151772087975,0.5213758956636855,16,8,6,13,12,6,13,12
51,51,GA,37.615500417072326,4.98868170427993,18,18.0,0.0867942153016024,0.1296321481004229,0.18752333304333307,0.005327661042799301,4.27,0.18591560000000001,61,39,4,0.912271429261454,0.6744300203911935,0,0,16,0,13,19,13,0
51,51,Greedy,2.8631945000961423,7.9345256801619675,1,1.0,0.07004253388213745,0.106089121912154,0.19635383970999978,0.004833980801619666,7.285,0.16612760000000001,63,37,7,0.8882075286943816,0.6239898215759689,5,11,11,9,0,9,8,10
51,51,CEGA,41.062607707921416,8.990635676703777,4,4.0,0.0707402206549648,0.11197832241216063,0.16352333304333308,0.005329076767037766,8.3195,0.13822800000000002,71,29,8,0.8933058235880621,0.6771706846549199,10,10,10,9,1,9,13,9
51,51,Random,0.0009254999458789825,10.700112515835226,51,51.0,0.19023759963622094,0.5074385043725002,0.7470257117134904,0.022481637158352247,8.3915,0.0604488,86,14,8,0.5802218910302198,0.4864925787106571,14,10,10,14,10,11,10,7
52,52,GA,35.28052445780486,4.917317257628169,6,6.0,0.07970935733801529,0.11300277509124163,0.16638997302036607,0.0048056685762816916,4.2565,0.18025040000000003,60,40,4,0.9343282520991861,0.7000938294012304,14,0,15,18,0,0,0,13
52,52,Greedy,4.726612166967243,7.7764214807736565,0,0.0,0.06448768562211632,0.10028570387438657,0.11534279273197491,0.0036142108077365626,7.213,0.20200040000000002,56,44,7,0.8923009259440302,0.6978820874182574,9,10,11,0,5,2,7,12
52,52,CEGA,39.056858625030145,8.91406451806294,0,0.0,0.06519494323768779,0.10104751410661923,0.1088828366984913,0.004684637180629379,8.2955,0.1501008,69,31,8,0.916880221603823,0.7097943350032265,12,9,12,9,12,2,8,5
52,52,Random,0.0008479161188006401,10.520665654013179,50,50.0,0.1783825538006961,0.5375713311685407,0.8038782903686827,0.020865092540131806,8.366,0.0681564,85,15,8,0.5388205518662545,0.46620829731746466,7,10,12,8,14,14,12,8
53,53,GA,34.63590533309616,3.884482554425654,13,13.0,0.08773473289552382,0.11980571077958144,0.1433056175975531,0.004202721544256542,3.1995,0.2647104,46,54,3,0.941238386984886,0.734991524891858,0,18,0,16,0,0,12,0
53,53,Greedy,3.14652879210189,7.795437718782834,0,0.0,0.06166945767863781,0.09731991167353453,0.1097112895136578,0.0035409371878283376,7.3045,0.13684400000000002,70,30,7,0.9159148278140761,0.7240718791684344,12,11,0,13,10,7,3,14
53,53,CEGA,36.83144499990158,8.912923790124319,0,0.0,0.06873590127363027,0.10370258725662132,0.11791292328031491,0.004460237901243201,8.2655,0.2014,57,43,8,0.9120695953336452,0.6797829084679158,8,7,4,9,11,4,3,11
53,53,Random,0.0009234168101102114,10.516097633055793,49,49.0,0.17428224519550917,0.4650076933562406,0.6669659799342847,0.02054675633055794,8.402,0.059422,87,13,8,0.5998113783681035,0.4995618318305665,11,7,12,12,12,17,7,9
54,54,GA,33.11713295802474,3.9169473806537476,17,17.0,0.08945962115649514,0.14484376784402392,0.18925015471619142,0.00468279380653748,3.195,0.253668,46,54,3,0.914027883603744,0.6765213157638024,0,19,0,0,0,9,18,0
54,54,Greedy,1.8743741251528263,7.92443893353885,4,4.0,0.0737137290225892,0.10801014993162426,0.12744972216844175,0.004809161335388502,7.2355,0.2080228,54,46,7,0.9186166156558673,0.6383509450607089,2,8,0,7,6,3,16,12
54,54,CEGA,42.28573591611348,9.00273072645981,5,5.0,0.0733026841077567,0.11199286323081588,0.14426076036069968,0.005603711264598078,8.3495,0.0928596,80,20,8,0.9014837046338311,0.7219916996571555,2,16,15,12,6,5,12,12
54,54,Random,0.0009280410595238209,10.86190035330086,59,59.0,0.19805359331860015,0.49271336155059514,0.703083571219729,0.02426670353300859,8.3975,0.03773,92,8,8,0.6286557982003943,0.5364862747736916,10,12,10,9,13,15,11,12
55,55,GA,34.865147582953796,4.979919011982095,16,16.0,0.08772171816281399,0.13521018687963757,0.22005052697460864,0.005128002119820952,4.2475,0.2196188,56,44,4,0.8995704652026658,0.6159588861417299,15,21,11,9,0,0,0,0
55,55,Greedy,2.7023072910960764,6.957110173547321,2,2.0,0.07791665954997655,0.11158474362043157,0.22405052697460864,0.00485964573547321,6.249,0.22214560000000003,53,47,6,0.9086286306787708,0.6226002347349641,14,0,8,11,11,0,5,4
55,55,CEGA,40.0504087919835,8.991084529977142,2,2.0,0.07610044343788364,0.11240873724182043,0.16370982534342468,0.0052251052997714185,8.3225,0.146074,71,29,8,0.9143079251662283,0.6883825845427262,13,19,8,14,8,1,5,3
55,55,Random,0.0008828749414533377,10.861834422817742,59,59.0,0.19947648451733865,0.4723838431120991,0.7325849764620702,0.023967204228177406,8.3975,0.06761400000000001,87,13,8,0.6373232817235358,0.5706450130987952,11,10,10,12,9,8,16,11
56,56,GA,35.09512041695416,4.995215166204117,12,12.0,0.08935751007109964,0.13080623134381522,0.24280382317821933,0.005265159662041175,4.2355,0.2331992,51,49,4,0.9091163230351459,0.6726561498659728,7,13,0,0,0,16,15,0
56,56,Greedy,5.73929175012745,8.983057406045283,4,4.0,0.07755851707013188,0.1099518845145598,0.18213317027438788,0.005104810060452847,8.258,0.2145764,55,45,8,0.9175415129174864,0.6582525976921505,2,2,3,12,9,13,4,10
56,56,CEGA,42.4212638749741,9.007093846177066,6,6.0,0.07381480999401148,0.11181859324948465,0.18500994072096616,0.005426850461770655,8.3285,0.1359088,72,28,8,0.8907297166059376,0.6838934878612852,10,4,3,9,6,14,12,14
56,56,Random,0.004876791965216398,10.93210821174223,65,65.0,0.21454558635244375,0.47414126519004823,0.7574734784813174,0.024759362117422322,8.4005,0.055672,89,11,8,0.6906159431520462,0.6282672737042239,11,14,12,8,11,8,7,18
57,57,GA,34.20456025004387,4.956503595682646,9,9.0,0.08717181247452827,0.11996095621411491,0.22387264905600793,0.004883467956826457,4.225,0.24315680000000003,50,50,4,0.9198458843096362,0.6456286243687229,0,9,10,0,0,16,0,15
57,57,Greedy,2.537051416002214,8.845456016379664,2,2.0,0.06386566367312346,0.09916629534833571,0.15946288880612766,0.004032236163796649,8.3075,0.1347324,71,29,8,0.9111222423081229,0.6461366971880999,10,2,8,10,10,15,8,8
57,57,CEGA,37.109825500054285,9.007847827027968,6,6.0,0.07791501093236163,0.1103173272132562,0.15946288880612766,0.005369902270279667,8.273,0.1978576,59,41,8,0.9162811592399678,0.670241248096101,14,2,14,7,6,7,4,5
57,57,Random,0.0009135000873357058,10.84293796253952,62,62.0,0.21316266377805262,0.5934881760402558,0.943765675067794,0.023781811625395194,8.423,0.041756800000000004,92,8,8,0.5817361016586505,0.5301352276276882,10,14,15,10,17,7,9,10
58,58,GA,33.4945684580598,4.981396247643136,11,11.0,0.08609377752639683,0.12262370137756,0.1346875482661277,0.00506431447643137,4.2475,0.22746480000000002,54,46,4,0.9489883775699286,0.7236361250583705,0,11,0,19,15,0,0,9
58,58,Greedy,2.406542541924864,6.9654680946725644,1,1.0,0.0734221295800182,0.10762091278441342,0.1530152282661277,0.00494286894672564,6.2940000000000005,0.1771812,65,35,6,0.9247177732989267,0.723316657839916,10,7,11,15,9,13,0,0
58,58,CEGA,38.29771724995226,9.040416475422454,3,3.0,0.07549169677981298,0.10892424066492254,0.11755695597435556,0.005586436754224537,8.2775,0.2042728,57,43,8,0.9249526466806894,0.702233187911707,10,7,8,2,6,9,12,3
58,58,Random,0.0009061670862138271,11.296959195443943,65,65.0,0.22337785013842792,0.5614881568724096,0.8398118531516696,0.028312559954439428,8.4305,0.035203200000000004,93,7,8,0.6133031335099192,0.5397411799790508,14,11,11,8,11,14,11,13
59,59,GA,34.978895667009056,3.894963005787435,15,15.0,0.08831384716836721,0.13496847271958184,0.17258402483591742,0.0043825260578743514,3.198,0.2587104,46,54,3,0.9249828620795678,0.68477755883823,0,0,15,0,14,0,0,17
59,59,Greedy,2.3081130830105394,7.967609842238415,5,5.0,0.07739323796119346,0.11278630179629243,0.12000297413210076,0.005106562422384149,7.246,0.21095360000000002,55,45,7,0.9200056041581125,0.6609032414256485,7,6,2,4,12,13,11,0
59,59,CEGA,38.220332874916494,8.973908189123252,3,3.0,0.07309867153492401,0.11243417064287582,0.1198526470333898,0.005229769891232532,8.27,0.18093120000000001,63,37,8,0.9033347058532044,0.6455099331397172,7,7,1,14,6,12,5,11
59,59,Random,0.0008874591439962387,10.66817136006589,57,57.0,0.19846604765513404,0.6293755865563441,0.9722230887200063,0.022188185600658872,8.393,0.0563528,88,12,8,0.5261249440580479,0.45310938978867654,15,10,5,18,9,10,14,7
60,60,GA,36.11548287514597,5.040907669081404,17,17.0,0.09073705720081028,0.14938495106402833,0.19338490828135574,0.005741124690814048,4.225,0.2417952,49,51,4,0.9144399925844252,0.5968991805321364,7,12,0,17,0,0,0,13
60,60,Greedy,2.0203231668565422,8.973983894529791,3,3.0,0.07230768286481092,0.10987453396399618,0.14245834082328984,0.005062870945297927,8.312,0.15569680000000002,68,32,8,0.9247045692950129,0.7120753433684738,10,2,11,15,14,5,9,2
60,60,CEGA,40.39161275001243,8.984873248126885,4,4.0,0.07332642043965755,0.11178786168815256,0.14245834082328984,0.005246184481268853,8.3135,0.1467548,69,31,8,0.9144404071493719,0.7077559777058963,13,2,5,15,13,10,9,2
60,60,Random,0.000886749941855669,10.481646825460485,53,53.0,0.18134142564593167,0.4747311259825304,0.9431063956132639,0.020248632254604857,8.4065,0.050283600000000005,90,10,8,0.5522890513570569,0.4959517534355416,14,12,10,10,10,13,5,16
61,61,GA,38.64017858286388,4.9882002140042205,14,14.0,0.08652960820656264,0.13113246561702452,0.1551142455518515,0.005184742140042205,4.2265,0.243226,51,49,4,0.9200780061911992,0.6739504006775406,0,11,0,0,11,0,15,14
61,61,Greedy,3.0622259590309113,9.058406148546027,5,5.0,0.07882345405180816,0.11195510458929595,0.1341142455518515,0.0058691454854602676,8.2415,0.2299916,53,47,8,0.9241057660227192,0.685995556143246,8,9,8,8,2,6,7,5
61,61,CEGA,40.61338504194282,9.027015506851459,6,6.0,0.07366186603362329,0.10725753851933005,0.13905410222256334,0.005585799068514588,8.3255,0.14293560000000002,71,29,8,0.9150936194384441,0.7324936356551223,11,1,13,8,7,6,12,13
61,61,Random,0.0009029579814523458,10.999084708527613,66,66.0,0.21272921245934298,0.5561100328004853,0.936763154424844,0.025350087085276127,8.42,0.044076,91,9,8,0.6089326985668835,0.5621726659114887,12,12,11,13,13,14,8,8
62,62,GA,31.71247262507677,3.9568025704147964,21,21.0,0.09302303954562223,0.13007925371861767,0.14611291335999,0.004811813704147963,3.1845,0.2911212,40,60,3,0.9348158375748193,0.6612265047670405,13,0,0,0,0,14,0,13
62,62,Greedy,1.928121583070606,7.890816892502821,0,0.0,0.06680475130811567,0.10469443950890496,0.11792089771002617,0.004366200925028212,7.276,0.17819680000000002,61,39,7,0.9047413340466295,0.6606900170197864,8,0,7,7,10,9,11,9
62,62,CEGA,41.776565707987174,9.01408036170086,3,3.0,0.07178556628190255,0.11002321562765288,0.12216665771002619,0.005524283617008605,8.363,0.098652,79,21,8,0.9076343685846582,0.7010172970933849,8,11,7,13,16,10,5,9
62,62,Random,0.0009285409469157457,10.888013967436324,54,54.0,0.20442752548073148,0.5247306901332371,0.9019212092228767,0.024228419674363254,8.411,0.054172000000000005,89,11,8,0.5839701944445456,0.5131619576156767,15,11,13,8,14,6,11,11
63,63,GA,37.80257837520912,5.9797597679785515,10,10.0,0.08017333239331702,0.12252838854015104,0.24055703630136213,0.005320473679785518,5.294,0.1537124,68,32,5,0.8899052794054474,0.668148188333255,13,0,15,15,0,15,10,0
63,63,Greedy,2.4320504588540643,7.914985213239982,3,3.0,0.07111534447645,0.10386155040289427,0.20356268963469548,0.004663732132399821,7.2745,0.17411200000000002,63,37,7,0.8979127932887755,0.6392784914139363,4,0,12,6,13,15,5,8
63,63,CEGA,39.19218683382496,9.065987986919426,3,3.0,0.07583862676597515,0.11030290784080385,0.19956268963469548,0.006103603869194247,8.3,0.1556276,67,33,8,0.8998939996147962,0.684274311769839,3,9,12,8,9,13,5,8
63,63,Random,0.0008796670008450747,11.036982986288358,57,57.0,0.21266563308241895,0.5441507546514311,0.7183842723432662,0.02592741786288357,8.387,0.057241200000000006,88,12,8,0.6100773237051536,0.5428001456102466,8,11,13,13,8,12,14,9
64,64,GA,33.0288555000443,4.961010478965174,9,9.0,0.08564266815440344,0.11334269479492542,0.13189894610427097,0.0048425767896517384,4.231,0.24575280000000002,50,50,4,0.9494574637218663,0.732244544978457,0,0,12,8,0,14,0,16
64,64,Greedy,3.1912887091748416,8.787740019797162,0,0.0,0.058998516412993786,0.08573892637374024,0.11205073797805205,0.0034823081979716225,8.2925,0.1470092,70,30,8,0.9117090966814164,0.7786553858424498,13,9,7,7,4,11,8,11
64,64,CEGA,38.125035624951124,8.848864616524112,0,0.0,0.05962729543498426,0.08867068250242706,0.10173356644124354,0.003797482165241111,8.3255,0.1436164,71,29,8,0.9296990827284035,0.7629935201849631,10,10,10,7,6,10,8,10
64,64,Random,0.0009002501610666513,10.738645653272659,59,59.0,0.19616076318066328,0.5226244655687774,0.9720369599301972,0.02274085253272659,8.4065,0.058060400000000005,88,12,8,0.5765086800076502,0.48702109131266036,10,12,19,6,11,12,11,7
65,65,GA,33.840803375002,3.9731630388658306,25,25.0,0.09218945325658845,0.14024923800151487,0.23711630313529006,0.0053273383886583035,3.174,0.26642920000000003,41,59,3,0.9078497333170659,0.5903790235048183,0,13,12,16,0,0,0,0
65,65,Greedy,4.222852166974917,6.917053860931517,4,4.0,0.07449766932229863,0.1103601382772565,0.20611630313529006,0.004900066609315164,6.2865,0.1405472,72,28,6,0.8824697884686198,0.6210688119669536,13,20,0,8,0,6,8,17
65,65,CEGA,38.049399457871914,8.941350350289335,2,2.0,0.07142585264908492,0.10643580853609533,0.17378862313529006,0.005056043502893357,8.24,0.19574600000000003,57,43,8,0.905433842905659,0.6384075290355546,11,10,10,6,2,2,8,8
65,65,Random,0.0009041251614689827,10.78967266529607,62,62.0,0.20254680871898098,0.5910635455702978,0.7358686729859807,0.02368288665296071,8.3915,0.029884000000000004,94,6,8,0.6037994764078365,0.5268480894194691,9,12,16,17,10,12,8,10
66,66,GA,33.2179545420222,3.956273205663859,18,18.0,0.09292110011179147,0.13835625025879322,0.2200559494306005,0.0047541320566385934,3.2055,0.27536000000000005,44,56,3,0.9262831959834477,0.5623200016375692,12,0,0,0,17,0,15,0
66,66,Greedy,1.9010974580887705,9.008222899138483,2,2.0,0.07483688719879548,0.10689643308217568,0.1870559494306005,0.0052767329913848224,8.2655,0.21504960000000004,55,45,8,0.9124000844371952,0.5884657133476644,10,7,6,10,2,6,8,6
66,66,CEGA,44.035821915837005,8.977048869931755,1,1.0,0.07517509114830999,0.1064086951321742,0.19871696276393383,0.005041112699317548,8.4305,0.042437600000000006,92,8,8,0.9114198713437565,0.6307222785765739,16,6,12,7,8,15,13,15
66,66,Random,0.0008887499570846558,11.156274783637526,61,61.0,0.22998131995615828,0.5975858140526088,0.8848713480666611,0.02688113983637526,8.4275,0.040660800000000004,91,9,8,0.591658037900584,0.529439283004073,15,11,13,16,12,9,4,11
67,67,GA,31.92257845797576,3.9813965674637646,11,11.0,0.09284101003487731,0.1413803242617883,0.24735746890906882,0.00517000967463764,3.24,0.22439560000000003,53,47,3,0.9017669570271618,0.6331490160299862,18,18,0,0,0,17,0,0
67,67,Greedy,3.2236940420698375,7.854154572111037,2,2.0,0.07200535677094354,0.10568681550389687,0.18636312224240215,0.004263349721110368,7.216,0.2118196,53,47,7,0.8814974575016566,0.5639616938418862,8,9,7,13,3,10,0,3
67,67,CEGA,40.586221624864265,9.02489261015862,2,2.0,0.07291770071990337,0.10981443533938225,0.18236312224240214,0.0056117581015861975,8.3435,0.12021680000000001,75,25,8,0.9035056902795273,0.677534355319429,15,14,8,7,8,11,10,2
67,67,Random,0.000883250031620264,10.741030359477508,57,57.0,0.1914125410177138,0.5375728831064333,0.8014616627455061,0.022803583594775082,8.4095,0.05117200000000001,89,11,8,0.5944789968392318,0.4935497439744007,16,3,9,16,9,12,10,14
68,68,GA,35.24808041588403,4.960633971945931,11,11.0,0.08572239229803014,0.12558218877301996,0.18991110982251522,0.005007383719459307,4.2385,0.22139560000000003,54,46,4,0.9156055476806892,0.6640088712918193,0,0,17,16,10,11,0,0
68,68,Greedy,2.2582333751488477,7.9284241531271995,4,4.0,0.07520646105801741,0.11156991068476742,0.17091110982251523,0.00468666953127199,7.2415,0.21825720000000004,52,48,7,0.9056390027298966,0.6564489790374796,0,6,9,8,13,3,9,4
68,68,CEGA,41.82896470814012,9.036940406704712,4,4.0,0.07923352128903084,0.11224711948248452,0.16691110982251522,0.005854312067047114,8.3315,0.12000920000000001,76,24,8,0.9295001154723342,0.7011292886956195,14,7,16,10,14,1,13,1
68,68,Random,0.0008865420240908861,10.44936237226338,50,50.0,0.17335228966780558,0.46206443086213594,0.7905330218083879,0.0199795597226338,8.387,0.0644064,85,15,8,0.5797127080721096,0.4835562216197807,13,7,10,12,10,14,9,10
69,69,GA,37.825417125131935,4.9384164656565215,10,10.0,0.08299771014816998,0.11421559676527422,0.1257255391464635,0.00465920465656521,4.264,0.20849600000000001,58,42,4,0.9420394836674026,0.7545255879409635,0,0,0,17,0,16,14,11
69,69,Greedy,2.023717459058389,8.998271903822062,1,1.0,0.07016214325387607,0.1060986788461868,0.1176452299139178,0.0052436750382206096,8.3045,0.1694044,65,35,8,0.9154969242348394,0.7064524392249872,7,7,6,10,8,9,13,5
69,69,CEGA,39.35669583291747,8.977968608679584,0,0.0,0.07032457024443982,0.10519291638825581,0.11184899873695844,0.005031066086795816,8.3015,0.17336200000000002,65,35,8,0.9244408344836192,0.7153205319391793,4,10,9,2,11,11,10,8
69,69,Random,0.0009178339969366789,10.607812713278038,55,55.0,0.18218010822509734,0.47192333264427566,0.780591373216258,0.02142444313278039,8.4185,0.0468684,90,10,8,0.6169903627563821,0.5226638093443713,14,13,9,9,12,11,11,11
70,70,GA,32.674239417072386,3.954045563950592,14,14.0,0.09114191440078072,0.13164247430078155,0.21460425336854544,0.005092547639505918,3.1845,0.2602908,44,56,3,0.9185888311146109,0.6390682074222748,0,0,0,19,13,0,0,12
70,70,Greedy,2.0032119581010193,8.00500958951515,3,3.0,0.07434551448601781,0.11374575947311033,0.17529082973344456,0.00566562789515151,7.2865,0.15194680000000002,66,34,7,0.9079269892413342,0.7123022448595263,12,12,14,8,0,3,10,7
70,70,CEGA,42.81885487516411,9.018452825744417,3,3.0,0.07325306219492497,0.11149368386301571,0.18558316838718975,0.005916580257444171,8.3615,0.06529480000000001,87,13,8,0.888184190535596,0.7169778446466971,14,13,9,10,11,14,6,10
70,70,Random,0.0009235420729964972,10.82235617095264,56,56.0,0.20508111203119836,0.5134448242937634,0.920857309428864,0.024039609709526406,8.366,0.0523952,89,11,8,0.5616801642149141,0.5127776941418588,13,9,5,13,13,17,9,10
71,71,GA,36.244786584051326,4.9992738084037,10,10.0,0.08852268546682307,0.14353451916834434,0.18408502334388066,0.0053957460840370055,4.2235,0.2361992,48,52,4,0.9211878807908978,0.6493914968108392,0,0,16,0,14,10,0,8
71,71,Greedy,3.7863756669685245,6.974014914158312,1,1.0,0.07880899543739858,0.10889679313534671,0.16415884904035974,0.005161149141583121,6.2625,0.1954,56,44,6,0.9374055486459536,0.6912664492261597,0,15,0,5,15,9,4,8
71,71,CEGA,39.06341483397409,8.999024735816059,5,5.0,0.07151299100426628,0.1131348208007046,0.12483116904035974,0.00546339135816058,8.3045,0.14818560000000003,69,31,8,0.9000873977188195,0.7016087408696947,5,10,12,5,14,9,5,9
71,71,Random,0.000925583066418767,10.577136942956358,59,59.0,0.1862018607979642,0.46284946804766386,0.9483961951740113,0.02132572142956358,8.4095,0.0350648,92,8,8,0.603867611752578,0.5305506343619223,18,15,9,6,9,14,8,13
72,72,GA,33.83356566703878,3.958015485230726,20,20.0,0.09312232739013324,0.13461319670820307,0.2311220494221662,0.004984210852307259,3.1845,0.2750944,41,59,3,0.9155875139050194,0.6377396501860105,0,0,14,9,0,0,18,0
72,72,Greedy,2.041236124932766,7.979815590936264,2,2.0,0.07283239991869438,0.10780475888653039,0.11388634278876959,0.005329223909362636,7.3,0.14689320000000003,69,31,7,0.9203187318428768,0.7246316193785807,5,9,15,12,9,0,14,5
72,72,CEGA,39.11656591715291,8.941670637594497,0,0.0,0.06869327049957706,0.1054341415540455,0.11873684907032865,0.004844514375944971,8.2715,0.1857192,59,41,8,0.9237085900057826,0.6798033348243848,6,5,11,7,4,11,11,4
72,72,Random,0.0009461250156164169,11.130798991361269,63,63.0,0.21734065265229524,0.5514104697260767,0.7099472154271343,0.026957765913612684,8.3975,0.0375224,92,8,8,0.6219871187067845,0.5204685212778846,10,15,10,12,12,9,14,10
73,73,GA,36.1935376659967,3.934662906808763,18,18.0,0.08983819517526329,0.13640260360216025,0.18988314655682328,0.004772605068087626,3.1935000000000002,0.26390240000000004,46,54,3,0.9214507057657336,0.6755617960984733,0,16,15,0,0,15,0,0
73,73,Greedy,3.09958945796825,6.904109133564395,3,3.0,0.07067993110440608,0.10892887989625502,0.1518622817973574,0.004577471335643957,6.273,0.17336200000000002,64,36,6,0.911079956009764,0.699095622347187,7,0,10,13,14,11,0,9
73,73,CEGA,41.36229341709986,8.85296262479333,1,1.0,0.06211863895294407,0.09861854429621271,0.11690268953194544,0.004043730247933297,8.3135,0.1350896,71,29,8,0.9086166132415193,0.718999926979497,10,11,10,11,10,11,1,7
73,73,Random,0.0010072090663015842,11.155427081835818,64,64.0,0.22219686522596824,0.5643026272241296,0.7798545127233575,0.02717947081835817,8.3945,0.042980000000000004,90,10,8,0.6334449775562178,0.539931721668138,9,10,11,19,10,10,6,15
74,74,GA,36.49941366701387,4.952345131141018,7,7.0,0.08434998671535084,0.11639432774012176,0.16801639824412834,0.004806347311410181,4.2175,0.2542104,47,53,4,0.9205886606296942,0.6484557054803315,0,0,0,12,15,11,0,9
74,74,Greedy,3.211007917067036,7.825362762565998,2,2.0,0.07263315324544763,0.10560969080243211,0.13905530481745332,0.0037760556256599843,7.204,0.2437572,49,51,7,0.9003862180216397,0.6390655488433432,6,3,4,3,15,9,9,0
74,74,CEGA,43.440021249931306,8.982567798350281,2,2.0,0.07028506817079487,0.10710058343996079,0.12901639824412833,0.005134269983502789,8.3975,0.0716408,86,14,8,0.9201169880600658,0.6898881957613874,15,12,11,8,11,9,15,5
74,74,Random,0.0009808330796658993,10.887762518437714,66,66.0,0.19928091825273433,0.4679028726960515,0.7156679351258913,0.02426617318437716,8.411,0.05014520000000001,90,10,8,0.659418925913319,0.5760369800088486,8,15,12,9,13,13,12,8
75,75,GA,35.58822204195894,5.003454538798812,9,9.0,0.08679354760073942,0.11823209102998163,0.15478334526593376,0.005158089387988115,4.261,0.2266456,54,46,4,0.9461923232908038,0.7625038232160092,0,0,0,12,0,14,14,14
75,75,Greedy,2.9678229589480907,6.931225818462695,2,2.0,0.07612867900117903,0.11038244219324736,0.13611676689068367,0.004530870184626951,6.2895,0.1886388,62,38,6,0.9252634871121229,0.7177638733865719,15,9,0,2,0,15,10,11
75,75,CEGA,39.941026333021,9.004694551500965,2,2.0,0.0751800724781948,0.116254464531822,0.12951368275624764,0.005226785515009649,8.312,0.170016,67,33,8,0.9187303429967283,0.7094847575362145,6,12,2,13,1,13,11,9
75,75,Random,0.0009543329942971468,10.705560878500648,56,56.0,0.1930159032526605,0.5376441055071315,0.6997669440070456,0.022237616785006468,8.441,0.0407992,92,8,8,0.59614638468461,0.5078672398435893,18,10,9,10,14,7,10,14
76,76,GA,33.53426216589287,3.9698153536795218,20,20.0,0.0940916974167626,0.1402643815333056,0.2202657639384386,0.005153549536795214,3.1935000000000002,0.2609604,44,56,3,0.9182529314675025,0.6379129502274923,0,16,0,14,0,14,0,0
76,76,Greedy,1.8370215001050383,8.981967927484552,3,3.0,0.07708174252900452,0.109220017321721,0.1922657639384386,0.005236415274845521,8.234,0.2243264,50,50,8,0.9132382847975321,0.6576607852209013,8,2,7,4,8,4,9,8
76,76,CEGA,41.02705466700718,9.014555111849496,3,3.0,0.07241703474630466,0.11291664059292345,0.20652964661532253,0.005577267118494956,8.3375,0.11932840000000002,75,25,8,0.8976876200131702,0.6959063532181642,9,9,14,10,9,3,11,10
76,76,Random,0.0008603751193732023,10.656566338136011,61,61.0,0.18721884202077235,0.4582078944405259,0.6256111905119487,0.022044099381360115,8.3855,0.0666564,87,13,8,0.6397985655580773,0.5512090842830218,3,12,16,8,13,13,12,10
77,77,GA,36.37931283400394,5.995171822957093,12,12.0,0.08267961192540593,0.1242420217978666,0.21193693898706215,0.005320910229570934,5.273,0.19008080000000002,60,40,5,0.8997768055111428,0.7104936321684919,16,0,0,13,11,0,11,9
77,77,Greedy,1.8760907500982285,9.001885716126242,7,7.0,0.08043104936154345,0.11178871125344705,0.16207593261227687,0.00536117316126242,8.2325,0.2332684,51,49,8,0.9250581059509788,0.6830138901222281,8,2,9,5,5,13,5,4
77,77,CEGA,39.16508270800114,9.020114894414201,6,6.0,0.075990108054079,0.11191391011953511,0.1562759256537288,0.005573220944142007,8.297,0.16579280000000002,65,35,8,0.9152353803339474,0.7012975725936494,13,7,7,14,10,2,8,4
77,77,Random,0.0008728750981390476,10.900741396898244,66,66.0,0.21514803674955527,0.5392335488675821,0.782819791249374,0.02446750196898246,8.399,0.054991200000000004,89,11,8,0.625259346704524,0.5813132535377784,10,14,10,15,5,11,11,13
78,78,GA,32.88912445795722,3.9884674439970187,16,16.0,0.09193150072353708,0.1376727100641291,0.17945332004798892,0.005197570439970185,3.222,0.2467104,47,53,3,0.9325617580137952,0.6772627017775393,17,0,0,17,0,0,0,13
78,78,Greedy,2.5293923751451075,8.872011895071003,2,2.0,0.06698550577174425,0.1037693289565365,0.13373781579868302,0.00435618695071004,8.2655,0.17089320000000002,64,36,8,0.9138177010354697,0.6401899841408737,10,8,8,8,2,2,12,14
78,78,CEGA,43.63623950001784,9.01851779903952,8,8.0,0.07433366832742441,0.11395563056889967,0.13573781579868302,0.005600753990395207,8.267,0.19144239999999998,58,42,8,0.9099856405889508,0.6315709067305683,14,6,3,9,3,8,8,7
78,78,Random,0.004805791890248656,10.956482703826964,53,53.0,0.19875045681706205,0.5448260240154824,0.735719720626559,0.025032303038269647,8.3795,0.0737524,84,16,8,0.5870402212799788,0.5019607872549049,6,8,15,9,13,11,11,11
79,79,GA,35.176019250182435,3.929573741530078,17,17.0,0.09090322782037491,0.12355123442350818,0.21709896458845612,0.004640017415300782,3.2085,0.257072,46,54,3,0.923330354163652,0.6626057630983072,16,0,0,17,0,0,13,0
79,79,Greedy,2.222876457963139,5.919423468309824,2,2.0,0.08126517407788805,0.11220028328441004,0.2294266445884561,0.004585122683098239,5.2385,0.2224112,51,49,5,0.9223000221511558,0.651991969600816,0,12,9,6,18,6,0,0
79,79,CEGA,38.89651470910758,8.911047345936552,1,1.0,0.06884627641020655,0.10067878122680834,0.1730989645884561,0.004426585459365532,8.2895,0.17888880000000001,63,37,8,0.9162610314691485,0.672082224329363,10,1,9,11,11,8,1,12
79,79,Random,0.0009221669752150774,10.79998810807487,58,58.0,0.1985892793579697,0.5043978244456075,0.6500032697442222,0.02336304908074871,8.3915,0.0721832,85,15,8,0.6096857395390339,0.5338595383225628,12,7,8,13,15,13,11,6
80,80,GA,33.0662645411212,3.9556457087911965,14,14.0,0.0922090603640279,0.13510689966169295,0.1710443927090678,0.004937433087911968,3.195,0.2669024,44,56,3,0.938333110629368,0.7389541461708886,18,0,0,15,0,0,11,0
80,80,Greedy,3.741397958016023,7.8391325023508935,1,1.0,0.0714102172727575,0.10166849083165976,0.11419158003311455,0.0040456290235089416,7.237,0.1975696,56,44,7,0.9191545852501063,0.6978606427697263,15,3,6,10,0,6,2,14
80,80,CEGA,39.001169041963294,9.034428755852637,4,4.0,0.07497277144476165,0.11380542639297905,0.12176485585526955,0.005807275558526381,8.3195,0.1342012,72,28,8,0.922379652737854,0.770136382117159,10,3,10,10,2,13,11,13
80,80,Random,0.0008729160763323307,10.734398256614845,58,58.0,0.19155036675847878,0.5205545195668708,0.7901824148523919,0.022829338566148466,8.4035,0.047964400000000004,89,11,8,0.6005924851279637,0.5237613671548025,10,13,12,12,8,9,12,13
81,81,GA,40.43381116702221,7.075172469434088,12,12.0,0.08554446783127301,0.1197940751205827,0.19344865903624306,0.0062642006943408836,6.3735,0.0752524,85,15,6,0.9081410656366181,0.74115060360615,16,0,17,13,0,13,13,13
81,81,Greedy,2.256886042188853,7.976780158912363,5,5.0,0.08146598972898449,0.11301683752380547,0.17912097903624308,0.005177617589123624,7.222,0.23701840000000002,49,51,7,0.9189065282979029,0.6649616015860559,12,0,12,11,5,3,2,4
81,81,CEGA,37.57790079107508,8.997568565552347,7,7.0,0.07758989725141756,0.11707578178438403,0.17512097903624307,0.005445145655523477,8.2625,0.190554,60,40,8,0.8936075348755074,0.7001366042055245,16,13,9,8,5,3,3,3
81,81,Random,0.0008637499995529652,10.40350898939997,51,51.0,0.1743569290607924,0.48648211407951614,0.7348325948326058,0.0194957578939997,8.3855,0.0684332,86,14,8,0.5744156857465785,0.49528680270769576,10,18,12,9,12,7,11,7
82,82,GA,32.854367583058774,4.962887319569174,9,9.0,0.08609099590314667,0.12268351129280332,0.1644711074432389,0.00497661319569174,4.216,0.249226,47,53,4,0.9238002141793494,0.6958871891727296,14,11,0,0,0,12,10,0
82,82,Greedy,4.205823708092794,6.97826974856153,2,2.0,0.07663244097024986,0.11298661972290328,0.15779878744323889,0.0051060654856153,6.3585,0.1091632,79,21,6,0.9181024603763611,0.7134904735228069,10,13,15,15,0,17,0,9
82,82,CEGA,40.91947704204358,9.01143270215111,6,6.0,0.07451399463197238,0.11146222984800996,0.1274711074432389,0.0054372470215111055,8.2865,0.181208,61,39,8,0.919386387751671,0.7261411418000107,13,7,9,12,4,5,2,9
82,82,Random,0.0009011670481413603,10.665736179083462,56,56.0,0.18741594316361332,0.44641830387198506,0.9021524471512485,0.02198972579083462,8.378,0.0887636,82,18,8,0.5932599947143538,0.4952938656489657,4,5,16,6,9,15,12,15
83,83,GA,34.29126570792869,3.9179949218676713,15,15.0,0.08959790737115282,0.12754207812699456,0.17261805262913366,0.00444853721867671,3.225,0.2481412,50,50,3,0.9299757623859232,0.7097568668474717,0,19,0,0,15,0,0,16
83,83,Greedy,2.1741894998122007,6.954478015797717,5,5.0,0.08203738629898362,0.111569300895886,0.12014887306271414,0.004797676157977173,6.2265,0.2482104,48,52,6,0.950974784779971,0.6890108721380935,0,9,13,3,0,6,3,14
83,83,CEGA,39.17684316704981,8.98513275736728,6,6.0,0.07258377393803887,0.11006915480145964,0.11803906960978777,0.005182439573672804,8.2895,0.1773888,64,36,8,0.9117140919402034,0.6814014390932361,6,14,13,7,6,5,3,10
83,83,Random,0.0009154581930488348,10.612205627926887,56,56.0,0.1875142098406017,0.5937899916178366,0.7835196714475834,0.021491452279268863,8.408,0.0550604,89,11,8,0.5480256191415868,0.46415863912938926,16,11,8,6,13,14,9,12
84,84,GA,39.91789162508212,7.071975514551333,11,11.0,0.08247119202402503,0.11929509421683762,0.20101014750565666,0.006084663145513331,6.3495,0.1140092,78,22,6,0.8991943529770415,0.7222709018405107,0,16,15,11,0,12,13,11
84,84,Greedy,4.042641250183806,7.891589871945374,2,2.0,0.07726604309811418,0.107426839905873,0.16934913417232333,0.004442366719453753,7.2025,0.24485320000000002,48,52,7,0.9155039434503414,0.5710344351888081,3,2,11,2,9,0,9,12
84,84,CEGA,39.97550708404742,9.009025107804138,6,6.0,0.07671004117611634,0.11162947341596469,0.17334913417232334,0.005437859078041391,8.312,0.15323920000000002,68,32,8,0.9082158553952707,0.6580503287592296,19,3,11,4,11,1,10,9
84,84,Random,0.0008568328339606524,10.897677774687036,60,60.0,0.20391930067374864,0.5239352040161774,0.8867362190467026,0.024412981746870354,8.3975,0.058879600000000004,87,13,8,0.6139590984078219,0.531750249853653,13,10,8,9,14,6,16,11
85,85,GA,34.52683829097077,5.013604044334899,10,10.0,0.08677152797809383,0.13700982221100594,0.2956656406691706,0.0055645404433489875,4.2595,0.19765,59,41,4,0.879902854389846,0.6317157668207389,14,0,18,14,0,13,0,0
85,85,Greedy,1.8394290839787573,8.050833368773482,8,8.0,0.07967611221815528,0.11161178366299923,0.2563379606691706,0.0058698016877348205,7.2385,0.22535320000000003,53,47,7,0.8898720010723398,0.6224739516486085,6,8,7,11,4,9,8,0
85,85,CEGA,42.88819808419794,9.065990766007285,4,4.0,0.0793825436434455,0.11215864613599585,0.2686656406691706,0.0061226516600728555,8.387,0.0667256,86,14,8,0.8804378110504012,0.6884031244844022,17,1,14,13,8,8,13,12
85,85,Random,0.000880290986970067,11.250549942873997,57,57.0,0.2246219832608401,0.5683078734854501,0.8078670443499251,0.02791839942873997,8.3855,0.07321,85,15,8,0.611599430720474,0.5463087390336338,13,12,3,14,8,13,10,12
86,86,GA,35.058156166924164,6.003172647879902,12,12.0,0.08035395990981825,0.1221658548091109,0.16563071383663058,0.005546766478799019,5.2415,0.206996,56,44,5,0.8980689222929732,0.626239117341033,0,11,13,12,8,12,0,0
86,86,Greedy,2.778327457839623,8.999997445415664,8,8.0,0.07874521961062644,0.11685277357665881,0.12603460078680206,0.005470482454156643,8.216,0.23694920000000003,50,50,8,0.9085924201875293,0.6210518644555519,9,3,2,14,6,8,5,3
86,86,CEGA,38.02268916601315,8.991435117549434,5,5.0,0.0740484049010298,0.1153068179086524,0.12903460078680207,0.00535854317549434,8.2655,0.19008080000000002,59,41,8,0.8993641680626627,0.6344774626627132,6,3,3,11,14,11,9,2
86,86,Random,0.000945208128541708,10.930824162274245,60,60.0,0.20247035768094507,0.49631969862166214,0.6606045912741683,0.02490078562274246,8.4095,0.0312456,93,7,8,0.6353414310738769,0.5643928651115453,15,10,13,8,14,10,11,12
87,87,GA,40.5911182500422,4.9584871390153005,9,9.0,0.08379915713782152,0.12954491845709282,0.24075069917131703,0.0050111833901530034,4.2415,0.2158688,53,47,4,0.8950018759298546,0.6558870001142074,0,14,0,11,0,15,0,13
87,87,Greedy,5.3540662080049515,5.956164546695718,6,6.0,0.08298971774817643,0.11385896858886947,0.23597837769911711,0.005051997466957175,5.2205,0.23046480000000003,51,49,5,0.9020263067976075,0.650374623320753,10,7,0,0,17,0,4,13
87,87,CEGA,39.06425558379851,8.998489196942785,6,6.0,0.07656787618441371,0.1127091483216996,0.19675069917131702,0.005389395969427837,8.2475,0.21204960000000003,55,45,8,0.9031615736859143,0.6364497592305639,9,4,4,1,11,11,4,11
87,87,Random,0.0009698749054223299,10.490064923366482,47,47.0,0.17591208033426806,0.5285838668396522,0.737729895412719,0.02039131723366483,8.381,0.0699332,85,15,8,0.5432993129131266,0.4757894301949675,10,10,12,8,17,12,9,7
88,88,GA,34.41640745801851,4.965726648038396,10,10.0,0.08371538016071957,0.11891116416034736,0.19604457642161782,0.005092238480383966,4.213,0.2435028,50,50,4,0.914542588968332,0.6475305998818218,0,0,15,0,13,0,13,9
88,88,Greedy,2.011812041979283,8.005326131330529,3,3.0,0.07377732512792236,0.1085281637225572,0.12254184965242021,0.005536449313305278,7.282,0.1696812,63,37,7,0.9200356767565288,0.6935376682954337,5,9,15,11,9,9,0,5
88,88,CEGA,42.877696166047826,9.041605211123567,4,4.0,0.07267428506755165,0.10882444734519724,0.11439354416844155,0.0059000441112356675,8.3015,0.1501008,67,33,8,0.9148987079949065,0.6671779093173152,8,6,13,14,4,7,10,5
88,88,Random,0.001059416914358735,11.098836326568348,55,55.0,0.21661212206994476,0.569935480957973,0.9915428832017189,0.026500951265683474,8.399000000000001,0.0497412,89,11,8,0.557167427901225,0.511260272812182,19,8,9,11,7,10,15,10
89,89,GA,36.633297708118334,4.926011065405119,6,6.0,0.08143751202491183,0.11386218131236543,0.15917968531550122,0.0045151946540511875,4.2535,0.2209916,55,45,4,0.9449421506465409,0.7614285904713755,0,14,14,0,13,0,0,14
89,89,Greedy,3.180425792001188,6.858281949826297,1,1.0,0.07362361655293662,0.10847104209062801,0.1371796853155012,0.004025831498262974,6.3945,0.0611988,88,12,6,0.9284563872414712,0.7792208143847202,13,14,19,0,0,14,14,14
89,89,CEGA,39.33305854187347,8.857069525941718,1,1.0,0.06224897325897049,0.09579791883893658,0.12085200531550121,0.003943571259417192,8.3135,0.1492124,70,30,8,0.9283363951198462,0.7695095566505502,9,9,9,11,1,9,10,12
89,89,Random,0.0009106250945478678,11.178949356330678,61,61.0,0.22930452621432462,0.5904097735779723,0.984590849406046,0.02723804156330679,8.4065,0.048645200000000006,89,11,8,0.5941247128532297,0.537693506104674,12,11,12,14,13,5,9,13
90,90,GA,37.67146195913665,6.020342805499372,11,11.0,0.08070715324219883,0.11776244076649246,0.17825407142430835,0.005619228054993723,5.306,0.15242,69,31,5,0.9134818459155211,0.6676211729558196,12,0,18,0,12,13,14,0
90,90,Greedy,2.7278752077836543,6.931918220060269,7,7.0,0.07601567507171461,0.11067523218519579,0.15825407142430836,0.0048737982006026885,6.234,0.21053840000000001,54,46,6,0.9118375327507154,0.6019451871230973,0,9,16,0,7,5,12,5
90,90,CEGA,41.02111483295448,8.972805366957783,5,5.0,0.06756509903588687,0.11098943173907802,0.15625407142430836,0.00518561766957783,8.3255,0.1287436,73,27,8,0.8916696922153099,0.6345912980721435,9,8,16,9,11,4,10,6
90,90,Random,0.0009236251935362816,10.995080513290233,56,56.0,0.20405366757799864,0.5205866391761059,0.8761834486824835,0.025486697132902334,8.4065,0.0399108,91,9,8,0.5913372821331506,0.5098626954601455,11,13,13,15,10,6,15,8
91,91,GA,35.51881616702303,4.966409063920399,11,11.0,0.0853362217656353,0.1268142319299107,0.20092537412609013,0.0049035946392039865,4.2625,0.21354960000000003,55,45,4,0.9177415373148878,0.676980044036679,0,11,0,16,16,0,12,0
91,91,Greedy,4.141280916985124,8.835850617892312,1,1.0,0.06505152957349232,0.10098121187563676,0.1818089644642791,0.003941382178923116,8.261,0.1807124,61,39,8,0.8881695240605127,0.6527701573632986,7,12,8,7,8,2,8,9
91,91,CEGA,39.484196125064045,8.97504729952351,3,3.0,0.0714183736259608,0.11348176648799851,0.15492537412609012,0.0050482369952350855,8.3,0.1702236,65,35,8,0.896983078024582,0.6854147421331556,8,1,7,7,13,10,11,8
91,91,Random,0.0009441250003874302,10.484613081841609,51,51.0,0.17586553482536071,0.44478577084199156,0.7387166123923544,0.02019925481841608,8.42,0.04468760000000001,91,9,8,0.5776511055419383,0.4559900665881975,12,13,8,14,10,11,10,13
92,92,GA,34.5183087089099,3.919197559413583,9,9.0,0.0882934931758312,0.12761228736943442,0.15337680406751558,0.004564871594135828,3.213,0.2497104,51,49,3,0.9486148112528041,0.7258603281678524,0,0,0,19,16,0,0,16
92,92,Greedy,2.0282841669395566,7.98338939225877,0,0.0,0.07335590658776832,0.11095090430892914,0.11846554946419083,0.005241501922587702,7.306,0.15323920000000002,69,31,7,0.9264790346870286,0.7214966873776277,5,6,10,12,16,12,8,0
92,92,CEGA,39.10367308394052,8.950610197188109,0,0.0,0.0673942412239961,0.10791187943407204,0.1180748369866542,0.004922237971881079,8.36,0.09838640000000001,79,21,8,0.9108665460360661,0.7072194886878082,11,6,11,10,7,13,8,13
92,92,Random,0.0008922498673200607,10.999247895307398,55,55.0,0.21996647559219132,0.6071731576713001,0.8337647957818383,0.025494330953073973,8.4215,0.0283148,94,6,8,0.5743814435165059,0.5123072660866494,13,12,10,9,11,13,10,16
93,93,GA,41.88786108302884,6.015148376776111,12,12.0,0.0820570346416742,0.12184960830435473,0.1858811684062881,0.005576279767761106,5.3165,0.14102040000000002,73,27,5,0.9196660187558624,0.7520609458485218,15,0,15,16,14,0,0,13
93,93,Greedy,2.3488982499111444,9.014726572275519,0,0.0,0.07555456540569767,0.10899762358542567,0.11274033371492714,0.005468577722755176,8.252,0.2158688,53,47,8,0.9204355565167379,0.6768673119661653,5,6,8,9,8,7,8,2
93,93,CEGA,38.89940983406268,9.037058929331343,6,6.0,0.0735754896322567,0.11220553117085169,0.12014570733507872,0.005723621293313421,8.303,0.1616968,67,33,8,0.9122974931879821,0.7084134920662951,8,4,8,11,11,13,9,3
93,93,Random,0.0008901250548660755,11.029937082651651,63,63.0,0.21299133977647802,0.5716779768298961,0.7437872993779199,0.02571318682651651,8.417,0.0416184,90,10,8,0.6078835109052734,0.5357189354589874,8,13,17,11,10,12,8,11
94,94,GA,33.558270083973184,4.003546972717993,18,18.0,0.09421314961879997,0.13364691306351237,0.22943207055493103,0.005301869727179932,3.2025,0.27086000000000005,43,57,3,0.9181409594308643,0.595508054373592,15,0,0,13,0,0,0,15
94,94,Greedy,3.487873792182654,8.841365991714106,1,1.0,0.06381402672512547,0.09778339026117545,0.1480419394668753,0.004020999917141062,8.249,0.190266,60,40,8,0.8945011652819223,0.6574407987223947,3,8,6,6,10,7,9,11
94,94,CEGA,39.41460233414546,8.965633483842273,2,2.0,0.06964075419860989,0.10542559170710543,0.1440419394668753,0.005029322838422733,8.327,0.1357012,72,28,8,0.9136790915988051,0.7018429921504885,2,9,12,7,15,12,4,11
94,94,Random,0.0013526661787182093,10.523742568792526,49,49.0,0.17887886118564894,0.476971889962017,0.729089689819088,0.02064374168792525,8.417,0.0423684,91,9,8,0.5745286321724361,0.47751779147058104,10,16,12,6,13,11,13,10
95,95,GA,34.6245102500543,4.98592773794825,14,14.0,0.08587533008338737,0.12341795715820889,0.16964259479604954,0.005208289379482506,4.2115,0.2535988,48,52,4,0.928653400543874,0.6378753083188038,14,0,9,11,0,0,14,0
95,95,Greedy,5.124547875020653,7.8265348878665035,1,1.0,0.06878954704435958,0.10190099135940214,0.10934932723889346,0.0038998088786650316,7.2265,0.210054,56,44,7,0.918332262858739,0.6679238795474446,15,4,2,0,8,6,11,10
95,95,CEGA,37.756373417098075,7.978762955128636,6,6.0,0.07229978136020403,0.10946365918021637,0.11813240015677834,0.005178629551286355,7.267,0.1939,61,39,7,0.9153742003640021,0.6688270937721942,13,5,5,0,9,8,9,12
95,95,Random,0.0009270000737160444,10.775561846348438,58,58.0,0.20007261806118187,0.4498583658542394,0.8934887468675354,0.023191934463484377,8.4185,0.037868399999999997,93,7,8,0.6232352707765321,0.5330627770153864,9,4,16,10,13,13,17,11
96,96,GA,36.455965207889676,4.931443331730916,14,14.0,0.08472011716126454,0.12015926845546823,0.16181515437294577,0.004677173317309161,4.2175,0.246226,49,51,4,0.9320543799397838,0.6744843073470841,0,0,0,8,17,15,0,9
96,96,Greedy,6.287889624945819,7.861929295118414,1,1.0,0.07100865171618971,0.10655567711871634,0.14184589983090787,0.00405922095118415,7.225,0.23100720000000002,52,48,7,0.8879804625745442,0.6234452139941268,10,11,6,11,2,4,0,8
96,96,CEGA,44.10255270800553,9.01386895732053,2,2.0,0.07313129274041966,0.11082522586808516,0.1514761677062791,0.005534625573205303,8.396,0.0644064,87,13,8,0.9023674348084758,0.7098267673648314,11,12,8,7,14,16,11,8
96,96,Random,0.0009182090871036053,10.557171966046498,54,54.0,0.17094630997780896,0.4497681027623062,0.5596054168109105,0.02095392766046498,8.384,0.0777792,84,16,8,0.6179121427817634,0.49956966710360384,8,12,13,12,12,11,5,11
97,97,GA,35.45279066613875,4.99281966226812,17,17.0,0.08622922125971182,0.13946366503439953,0.1936247887211034,0.005357164622681203,4.2265,0.2306032,52,48,4,0.899623212518609,0.6533811914373849,0,0,11,13,15,0,0,13
97,97,Greedy,3.559674625052139,7.955893074488668,3,3.0,0.07727849025060222,0.11210822625246646,0.16018275011521602,0.00492720674488668,7.237,0.22617240000000005,51,49,7,0.9169439940164975,0.6153731512182948,12,9,2,0,9,2,13,4
97,97,CEGA,42.07550287502818,9.040764862811129,7,7.0,0.07601788614323447,0.11227649902394549,0.1529365134915447,0.005899832628111274,8.2925,0.15828160000000002,68,32,8,0.9061227878651358,0.6811266119019957,12,10,2,13,4,10,13,4
97,97,Random,0.0010584169067442417,10.961371611008287,61,61.0,0.20691311164121004,0.6137014880883997,0.7919683343097972,0.02505938411008287,8.387,0.0684332,86,14,8,0.5715621342143172,0.5070090077205244,8,13,10,11,8,14,8,14
98,98,GA,36.14771275012754,4.925481423312071,10,10.0,0.07864358199691551,0.11391760122767257,0.13083974328688489,0.004847510233120719,4.231,0.2097304,55,45,4,0.9277557375014851,0.7151051767875741,11,13,13,18,0,0,0,0
98,98,Greedy,3.088520542019978,8.767956286282372,0,0.0,0.0550420743399418,0.09562280158507053,0.11741359423352302,0.0035776628628237106,8.2715,0.13869,69,31,8,0.8859511065998411,0.6970034654740234,6,9,12,5,11,8,9,9
98,98,CEGA,40.4084710420575,8.883944596402108,0,0.0,0.060043743301097054,0.09946683882829585,0.11741359423352302,0.004522121964021083,8.3195,0.11223240000000001,76,24,8,0.9016804583839011,0.7044389389030216,11,9,12,9,11,8,5,11
98,98,Random,0.0009292920585721731,10.711872713758398,55,55.0,0.18330247162178556,0.4451859957414343,0.569925030093596,0.02286935113758398,8.378,0.0469376,91,9,8,0.6198675859266076,0.529829744054373,10,15,12,11,11,10,7,15
99,99,GA,34.94825820904225,4.049071735303503,22,22.0,0.09683800605135964,0.1416929664279137,0.3791911100816499,0.005860153353035027,3.204,0.2590564,47,53,3,0.853657866923618,0.5888693030124191,0,19,13,0,0,0,15,0
99,99,Greedy,6.968782209092751,7.9360511331799595,3,3.0,0.07514849306407737,0.11284837480513582,0.3061967634149832,0.004935083331799593,7.258,0.1845428,58,42,7,0.8500860157227148,0.5346761597247329,3,12,14,10,2,4,0,13
99,99,CEGA,42.73739308305085,9.03791884244345,4,4.0,0.0799104458615207,0.11355149358615788,0.3061967634149832,0.005860188424434493,8.2505,0.2014,57,43,8,0.8667439592992882,0.5944401905085923,2,12,13,6,2,2,7,13
99,99,Random,0.0014222078025341034,10.986565243191627,57,57.0,0.20602724436232964,0.58164893265613,0.7738316155611242,0.02536127643191629,8.4065,0.04393760000000001,90,10,8,0.5878971779594515,0.5109249508643379,11,6,10,14,12,10,14,13
100,100,GA,41.148463583085686,7.05776471462074,8,8.0,0.08050352958940116,0.11784201002633848,0.17384643353310578,0.005872287146207404,6.348,0.12253600000000002,76,24,6,0.9121328276076778,0.6931960752535518,0,14,0,16,12,14,12,8
100,100,Greedy,5.346477583050728,7.907560085015827,1,1.0,0.07085060079074433,0.10719091939267779,0.15842374229964445,0.004506868850158277,7.2535,0.20337320000000003,58,42,7,0.9149095629324235,0.6361766045608999,10,0,3,12,7,12,7,7
100,100,CEGA,38.67657645908184,9.007926289213557,3,3.0,0.07732329072066842,0.11366838742408565,0.14251875353310578,0.005345418892135589,8.2685,0.20488440000000002,58,42,8,0.9245702164975061,0.6902281396584024,10,10,3,15,10,5,1,4
100,100,Random,0.0009312911424785852,10.898840323694081,57,57.0,0.20340236733837253,0.568849986119686,0.7972338940992191,0.02437210723694083,8.399,0.06262960000000001,87,13,8,0.5807652138323437,0.525343370383017,12,11,11,13,11,10,9,10
